id,title,source,category,tags,trust,description,collapsed_count,model_key,thumb_url,product_url,image_url
polywood-savannah-deep-seating-chair,Savannah Deep Seating Chair,POLYWOOD,HDPE / PE 板件可转化,HDPE / PE; poly lumber; recycled plastic; 板件 / 板条; 扶手椅,HDPE / poly lumber brand,HDPE / PE / poly lumber / recycled plastic；单把完整扶手椅产品图；板条或板件结构，适合发泡 PE / HDPE 板件、CNC 切割、螺丝装配参考。,,,thumbs/polywood-savannah-deep-seating-chair.jpg,https://www.polywood.com/products/savannah-deep-seating-chair-dj4751,https://cdn.shopify.com/s/files/1/0707/7147/4659/files/qn1usdaw1bsfipes2amj.jpg?v=1743183339
polywood-savannah-dining-arm-chair,Savannah Dining Arm Chair,POLYWOOD,HDPE / PE 板件可转化,HDPE / PE; poly lumber; recycled plastic; 板件 / 板条; 扶手椅,HDPE / poly lumber brand,HDPE / PE / poly lumber / recycled plastic；单把完整扶手椅产品图；板条或板件结构，适合发泡 PE / HDPE 板件、CNC 切割、螺丝装配参考。,,,thumbs/polywood-savannah-dining-arm-chair.jpg,https://www.polywood.com/products/savannah-dining-arm-chair-dj475d200,https://cdn.shopify.com/s/files/1/0707/7147/4659/files/l995qyhb1q0esgnisl9r.jpg?v=1740494533
polywood-grant-park-dining-arm-chair,Grant Park Dining Arm Chair,POLYWOOD,HDPE / PE 板件可转化,HDPE / PE; poly lumber; recycled plastic; 板件 / 板条; 扶手椅,HDPE / poly lumber brand,HDPE / PE / poly lumber / recycled plastic；单把完整扶手椅产品图；板条或板件结构，适合发泡 PE / HDPE 板件、CNC 切割、螺丝装配参考。,,,thumbs/polywood-grant-park-dining-arm-chair.jpg,https://www.polywood.com/products/grant-park-dining-arm-chair-tld220,https://cdn.shopify.com/s/files/1/0707/7147/4659/files/dfj4wpijuw28tgpsn6pa.jpg?v=1738356048
polywood-acadia-deep-seating-chair,Acadia Deep Seating Chair,POLYWOOD,HDPE / PE 板件可转化,HDPE / PE; poly lumber; recycled plastic; 板件 / 板条; 扶手椅,HDPE / poly lumber brand,HDPE / PE / poly lumber / recycled plastic；单把完整扶手椅产品图；板条或板件结构，适合发泡 PE / HDPE 板件、CNC 切割、螺丝装配参考。,,,thumbs/polywood-acadia-deep-seating-chair.jpg,https://www.polywood.com/products/acadia-deep-seating-chair-ms4241,https://cdn.shopify.com/s/files/1/0707/7147/4659/files/w0ih3bc5vfyct5ngpkfc_d910f30e-fefc-473a-bad8-1b06e7f11644.jpg?v=1762870034
polywood-acadia-dining-arm-chair,Acadia Dining Arm Chair,POLYWOOD,HDPE / PE 板件可转化,HDPE / PE; poly lumber; recycled plastic; 板件 / 板条; 扶手椅,HDPE / poly lumber brand,HDPE / PE / poly lumber / recycled plastic；单把完整扶手椅产品图；板条或板件结构，适合发泡 PE / HDPE 板件、CNC 切割、螺丝装配参考。,,,thumbs/polywood-acadia-dining-arm-chair.jpg,https://www.polywood.com/products/acadia-dining-arm-chair-ms424d200,https://cdn.shopify.com/s/files/1/0707/7147/4659/files/xarfsk4pa7egpnr3aimi_71dbbf77-129e-4483-8e9e-7edf55c2ea1b.jpg?v=1762871216
polywood-braxton-deep-seating-chair,Braxton Deep Seating Chair,POLYWOOD,HDPE / PE 板件可转化,HDPE / PE; poly lumber; recycled plastic; 板件 / 板条; 扶手椅,HDPE / poly lumber brand,HDPE / PE / poly lumber / recycled plastic；单把完整扶手椅产品图；板条或板件结构，适合发泡 PE / HDPE 板件、CNC 切割、螺丝装配参考。,,,thumbs/polywood-braxton-deep-seating-chair.jpg,https://www.polywood.com/products/braxton-deep-seating-chair-4501,https://cdn.shopify.com/s/files/1/0707/7147/4659/files/iot5lckzi0lcccfolpvu.jpg?v=1736814692
polywood-braxton-dining-arm-chair,Braxton Dining Arm Chair,POLYWOOD,HDPE / PE 板件可转化,HDPE / PE; poly lumber; recycled plastic; 板件 / 板条; 扶手椅,HDPE / poly lumber brand,HDPE / PE / poly lumber / recycled plastic；单把完整扶手椅产品图；板条或板件结构，适合发泡 PE / HDPE 板件、CNC 切割、螺丝装配参考。,,,thumbs/polywood-braxton-dining-arm-chair.jpg,https://www.polywood.com/products/braxton-dining-arm-chair-tgd280,https://cdn.shopify.com/s/files/1/0707/7147/4659/files/l5fx443fwgktzbnebsaz.jpg?v=1737499342
polywood-chinoiserie-deep-seating-chair,Chinoiserie Deep Seating Chair,POLYWOOD,HDPE / PE 板件可转化,HDPE / PE; poly lumber; recycled plastic; 板件 / 板条; 扶手椅,HDPE / poly lumber brand,HDPE / PE / poly lumber / recycled plastic；单把完整扶手椅产品图；板条或板件结构，适合发泡 PE / HDPE 板件、CNC 切割、螺丝装配参考。,,,thumbs/polywood-chinoiserie-deep-seating-chair.jpg,https://www.polywood.com/products/chinoiserie-deep-seating-chair-ms4711,https://cdn.shopify.com/s/files/1/0707/7147/4659/files/MS4711-GY149999.jpg?v=1778279560
polywood-chinoiserie-dining-arm-chair,Chinoiserie Dining Arm Chair,POLYWOOD,HDPE / PE 板件可转化,HDPE / PE; poly lumber; recycled plastic; 板件 / 板条; 扶手椅,HDPE / poly lumber brand,HDPE / PE / poly lumber / recycled plastic；单把完整扶手椅产品图；板条或板件结构，适合发泡 PE / HDPE 板件、CNC 切割、螺丝装配参考。,,,thumbs/polywood-chinoiserie-dining-arm-chair.jpg,https://www.polywood.com/products/chinoiserie-dining-arm-chair-mstgd290,https://cdn.shopify.com/s/files/1/0707/7147/4659/files/exck8tzhykbbzg5f7s8z.jpg?v=1762869616
polywood-chippendale-dining-arm-chair,Chippendale Dining Arm Chair,POLYWOOD,HDPE / PE 板件可转化,HDPE / PE; poly lumber; recycled plastic; 板件 / 板条; 扶手椅,HDPE / poly lumber brand,HDPE / PE / poly lumber / recycled plastic；单把完整扶手椅产品图；板条或板件结构，适合发泡 PE / HDPE 板件、CNC 切割、螺丝装配参考。,,,thumbs/polywood-chippendale-dining-arm-chair.jpg,https://www.polywood.com/products/chippendale-dining-arm-chair-cdd200,https://cdn.shopify.com/s/files/1/0707/7147/4659/files/Group_4_8894b51f-656c-4270-9abc-4d77423f4b8c.png?v=1745418662
polywood-chippendale-garden-arm-chair,Chippendale Garden Arm Chair,POLYWOOD,HDPE / PE 板件可转化,HDPE / PE; poly lumber; recycled plastic; 板件 / 板条; 扶手椅,HDPE / poly lumber brand,HDPE / PE / poly lumber / recycled plastic；单把完整扶手椅产品图；板条或板件结构，适合发泡 PE / HDPE 板件、CNC 切割、螺丝装配参考。,,,thumbs/polywood-chippendale-garden-arm-chair.jpg,https://www.polywood.com/products/chippendale-garden-arm-chair-cdb24,https://cdn.shopify.com/s/files/1/0707/7147/4659/files/vuyac8dznltpfcajho8x.jpg?v=1737499286
polywood-club-chair,Club Chair,POLYWOOD,HDPE / PE 板件可转化,HDPE / PE; poly lumber; recycled plastic; 板件 / 板条; 扶手椅,HDPE / poly lumber brand,HDPE / PE / poly lumber / recycled plastic；单把完整扶手椅产品图；板条或板件结构，适合发泡 PE / HDPE 板件、CNC 切割、螺丝装配参考。,,,thumbs/polywood-club-chair.jpg,https://www.polywood.com/products/club-chair-pwclc23,https://cdn.shopify.com/s/files/1/0707/7147/4659/files/fccuoya4ijyjndi6fzoi.jpg?v=1736813878
polywood-cottage-deep-seating-chair,Cottage Deep Seating Chair,POLYWOOD,HDPE / PE 板件可转化,HDPE / PE; poly lumber; recycled plastic; 板件 / 板条; 扶手椅,HDPE / poly lumber brand,HDPE / PE / poly lumber / recycled plastic；单把完整扶手椅产品图；板条或板件结构，适合发泡 PE / HDPE 板件、CNC 切割、螺丝装配参考。,,,thumbs/polywood-cottage-deep-seating-chair.jpg,https://www.polywood.com/products/cottage-deep-seating-chair-cl4521,https://cdn.shopify.com/s/files/1/0707/7147/4659/files/uzodphpdrvge5cbawwfh.jpg?v=1736813287
polywood-cottage-dining-arm-chair,Cottage Dining Arm Chair,POLYWOOD,HDPE / PE 板件可转化,HDPE / PE; poly lumber; recycled plastic; 板件 / 板条; 扶手椅,HDPE / poly lumber brand,HDPE / PE / poly lumber / recycled plastic；单把完整扶手椅产品图；板条或板件结构，适合发泡 PE / HDPE 板件、CNC 切割、螺丝装配参考。,,,thumbs/polywood-cottage-dining-arm-chair.jpg,https://www.polywood.com/products/cottage-dining-arm-chair-cltgd240,https://cdn.shopify.com/s/files/1/0707/7147/4659/files/pc1kpzsp8zoq45nn1uy8.jpg?v=1737499647
polywood-eastport-lounge-chair,Eastport Lounge Chair,POLYWOOD,HDPE / PE 板件可转化,HDPE / PE; poly lumber; recycled plastic; 板件 / 板条; 扶手椅,HDPE / poly lumber brand,HDPE / PE / poly lumber / recycled plastic；单把完整扶手椅产品图；板条或板件结构，适合发泡 PE / HDPE 板件、CNC 切割、螺丝装配参考。,,,thumbs/polywood-eastport-lounge-chair.jpg,https://www.polywood.com/products/eastport-lounge-chair-lnge300,https://cdn.shopify.com/s/files/1/0707/7147/4659/files/n0hbclfve25vf8fwughe.jpg?v=1737499522
polywood-edge-club-chair,EDGE Club Chair,POLYWOOD,HDPE / PE 板件可转化,HDPE / PE; poly lumber; recycled plastic; 板件 / 板条; 扶手椅,HDPE / poly lumber brand,HDPE / PE / poly lumber / recycled plastic；单把完整扶手椅产品图；板条或板件结构，适合发泡 PE / HDPE 板件、CNC 切割、螺丝装配参考。,,,thumbs/polywood-edge-club-chair.jpg,https://www.polywood.com/products/edge-club-chair-4601,https://cdn.shopify.com/s/files/1/0707/7147/4659/files/rsg0vockgbg9yup8wjq5.jpg?v=1736814722
polywood-edge-dining-arm-chair,EDGE Dining Arm Chair,POLYWOOD,HDPE / PE 板件可转化,HDPE / PE; poly lumber; recycled plastic; 板件 / 板条; 扶手椅,HDPE / poly lumber brand,HDPE / PE / poly lumber / recycled plastic；单把完整扶手椅产品图；板条或板件结构，适合发泡 PE / HDPE 板件、CNC 切割、螺丝装配参考。,,,thumbs/polywood-edge-dining-arm-chair.jpg,https://www.polywood.com/products/edge-dining-arm-chair-emd200,https://cdn.shopify.com/s/files/1/0707/7147/4659/files/Group_5_f2c09541-aa1c-4bd2-873f-69c4e1a99cdc.png?v=1744942167
polywood-elevate-dining-arm-chair,Elevate Dining Arm Chair,POLYWOOD,HDPE / PE 板件可转化,HDPE / PE; poly lumber; recycled plastic; 板件 / 板条; 扶手椅,HDPE / poly lumber brand,HDPE / PE / poly lumber / recycled plastic；单把完整扶手椅产品图；板条或板件结构，适合发泡 PE / HDPE 板件、CNC 切割、螺丝装配参考。,,,thumbs/polywood-elevate-dining-arm-chair.jpg,https://www.polywood.com/products/elevate-dining-arm-chair-pwd422d200,https://cdn.shopify.com/s/files/1/0707/7147/4659/files/ufpgjtx9ukgyhl6v6ehh.jpg?v=1738353729
polywood-estate-dining-arm-chair,Estate Dining Arm Chair,POLYWOOD,HDPE / PE 板件可转化,HDPE / PE; poly lumber; recycled plastic; 板件 / 板条; 扶手椅,HDPE / poly lumber brand,HDPE / PE / poly lumber / recycled plastic；单把完整扶手椅产品图；板条或板件结构，适合发泡 PE / HDPE 板件、CNC 切割、螺丝装配参考。,,,thumbs/polywood-estate-dining-arm-chair.jpg,https://www.polywood.com/products/estate-dining-arm-chair-pwd423d200,https://cdn.shopify.com/s/files/1/0707/7147/4659/files/xiabmro96u06rnawr229.jpg?v=1738353734
polywood-estate-lounge-chair,Estate Lounge Chair,POLYWOOD,HDPE / PE 板件可转化,HDPE / PE; poly lumber; recycled plastic; 板件 / 板条; 扶手椅,HDPE / poly lumber brand,HDPE / PE / poly lumber / recycled plastic；单把完整扶手椅产品图；板条或板件结构，适合发泡 PE / HDPE 板件、CNC 切割、螺丝装配参考。,,,thumbs/polywood-estate-lounge-chair.jpg,https://www.polywood.com/products/estate-lounge-chair-pwd4231,https://cdn.shopify.com/s/files/1/0707/7147/4659/files/bzlzx2cecxoiizszlyvz.jpg?v=1738353736
polywood-grant-park-deep-seating-chair,Grant Park Deep Seating Chair,POLYWOOD,HDPE / PE 板件可转化,HDPE / PE; poly lumber; recycled plastic; 板件 / 板条; 扶手椅,HDPE / poly lumber brand,HDPE / PE / poly lumber / recycled plastic；单把完整扶手椅产品图；板条或板件结构，适合发泡 PE / HDPE 板件、CNC 切割、螺丝装配参考。,,,thumbs/polywood-grant-park-deep-seating-chair.jpg,https://www.polywood.com/products/grant-park-deep-seating-chair-4401,https://cdn.shopify.com/s/files/1/0707/7147/4659/files/oqpthzbb8lpffep0kqlw.jpg?v=1736811864
polywood-harbour-deep-seating-chair,Harbour Deep Seating Chair,POLYWOOD,HDPE / PE 板件可转化,HDPE / PE; poly lumber; recycled plastic; 板件 / 板条; 扶手椅,HDPE / poly lumber brand,HDPE / PE / poly lumber / recycled plastic；单把完整扶手椅产品图；板条或板件结构，适合发泡 PE / HDPE 板件、CNC 切割、螺丝装配参考。,,,thumbs/polywood-harbour-deep-seating-chair.jpg,https://www.polywood.com/products/harbour-deep-seating-chair-4011,https://cdn.shopify.com/s/files/1/0707/7147/4659/files/ogs6alqlpklkxe6loynw.jpg?v=1736807901
polywood-la-casa-caf-dining-arm-chair,La Casa Café Dining Arm Chair,POLYWOOD,HDPE / PE 板件可转化,HDPE / PE; poly lumber; recycled plastic; 板件 / 板条; 扶手椅,HDPE / poly lumber brand,HDPE / PE / poly lumber / recycled plastic；单把完整扶手椅产品图；板条或板件结构，适合发泡 PE / HDPE 板件、CNC 切割、螺丝装配参考。,,,thumbs/polywood-la-casa-caf-dining-arm-chair.jpg,https://www.polywood.com/products/la-casa-caf-dining-arm-chair-td200,https://cdn.shopify.com/s/files/1/0707/7147/4659/files/x4z9kuwxtyua7uq5alt1.jpg?v=1737499250
polywood-lakeside-dining-arm-chair,Lakeside Dining Arm Chair,POLYWOOD,HDPE / PE 板件可转化,HDPE / PE; poly lumber; recycled plastic; 板件 / 板条; 扶手椅,HDPE / poly lumber brand,HDPE / PE / poly lumber / recycled plastic；单把完整扶手椅产品图；板条或板件结构，适合发泡 PE / HDPE 板件、CNC 切割、螺丝装配参考。,,,thumbs/polywood-lakeside-dining-arm-chair.jpg,https://www.polywood.com/products/lakeside-dining-arm-chair-tld200,https://cdn.shopify.com/s/files/1/0707/7147/4659/files/hfgtphdojcklollorh3v.jpg?v=1772491809
polywood-lakeside-deep-seating-chair,Lakeside Deep Seating Chair,POLYWOOD,HDPE / PE 板件可转化,HDPE / PE; poly lumber; recycled plastic; 板件 / 板条; 扶手椅,HDPE / poly lumber brand,HDPE / PE / poly lumber / recycled plastic；单把完整扶手椅产品图；板条或板件结构，适合发泡 PE / HDPE 板件、CNC 切割、螺丝装配参考。,,,thumbs/polywood-lakeside-deep-seating-chair.jpg,https://www.polywood.com/products/lakeside-deep-seating-chair-4411,https://cdn.shopify.com/s/files/1/0707/7147/4659/files/kfkczcwutp8lftiopchu.jpg?v=1772492502
polywood-latitude-lounge-chair,Latitude Lounge Chair,POLYWOOD,HDPE / PE 板件可转化,HDPE / PE; poly lumber; recycled plastic; 板件 / 板条; 扶手椅,HDPE / poly lumber brand,HDPE / PE / poly lumber / recycled plastic；单把完整扶手椅产品图；板条或板件结构，适合发泡 PE / HDPE 板件、CNC 切割、螺丝装配参考。,,,thumbs/polywood-latitude-lounge-chair.jpg,https://www.polywood.com/products/latitude-lounge-chair-pwd4211,https://cdn.shopify.com/s/files/1/0707/7147/4659/files/hl0jcy5fcgxa15wqvg8a.jpg?v=1738353736
polywood-latitude-dining-arm-chair,Latitude Dining Arm Chair,POLYWOOD,HDPE / PE 板件可转化,HDPE / PE; poly lumber; recycled plastic; 板件 / 板条; 扶手椅,HDPE / poly lumber brand,HDPE / PE / poly lumber / recycled plastic；单把完整扶手椅产品图；板条或板件结构，适合发泡 PE / HDPE 板件、CNC 切割、螺丝装配参考。,,,thumbs/polywood-latitude-dining-arm-chair.jpg,https://www.polywood.com/products/latitude-dining-arm-chair-pwd421d200,https://cdn.shopify.com/s/files/1/0707/7147/4659/files/b53sszt5s3muifiran8n.jpg?v=1738353848
polywood-mission-deep-seating-chair,Mission Deep Seating Chair,POLYWOOD,HDPE / PE 板件可转化,HDPE / PE; poly lumber; recycled plastic; 板件 / 板条; 扶手椅,HDPE / poly lumber brand,HDPE / PE / poly lumber / recycled plastic；单把完整扶手椅产品图；板条或板件结构，适合发泡 PE / HDPE 板件、CNC 切割、螺丝装配参考。,,,thumbs/polywood-mission-deep-seating-chair.jpg,https://www.polywood.com/products/mission-deep-seating-chair-4441,https://cdn.shopify.com/s/files/1/0707/7147/4659/files/vqpzljihudjvfvv9g9ge.jpg?v=1736812361
polywood-mission-dining-arm-chair,Mission Dining Arm Chair,POLYWOOD,HDPE / PE 板件可转化,HDPE / PE; poly lumber; recycled plastic; 板件 / 板条; 扶手椅,HDPE / poly lumber brand,HDPE / PE / poly lumber / recycled plastic；单把完整扶手椅产品图；板条或板件结构，适合发泡 PE / HDPE 板件、CNC 切割、螺丝装配参考。,,,thumbs/polywood-mission-dining-arm-chair.jpg,https://www.polywood.com/products/mission-dining-arm-chair-tld240,https://cdn.shopify.com/s/files/1/0707/7147/4659/files/p3go91sgfsqvikrs5oz7.jpg?v=1737499670
polywood-oxford-dining-arm-chair,Oxford Dining Arm Chair,POLYWOOD,HDPE / PE 板件可转化,HDPE / PE; poly lumber; recycled plastic; 板件 / 板条; 扶手椅,HDPE / poly lumber brand,HDPE / PE / poly lumber / recycled plastic；单把完整扶手椅产品图；板条或板件结构，适合发泡 PE / HDPE 板件、CNC 切割、螺丝装配参考。,,,thumbs/polywood-oxford-dining-arm-chair.jpg,https://www.polywood.com/products/oxford-dining-arm-chair-tld250,https://cdn.shopify.com/s/files/1/0707/7147/4659/files/pwoeklx0o7xdqhqqxvsp.jpg?v=1737499734
polywood-oxford-deep-seating-chair,Oxford Deep Seating Chair,POLYWOOD,HDPE / PE 板件可转化,HDPE / PE; poly lumber; recycled plastic; 板件 / 板条; 扶手椅,HDPE / poly lumber brand,HDPE / PE / poly lumber / recycled plastic；单把完整扶手椅产品图；板条或板件结构，适合发泡 PE / HDPE 板件、CNC 切割、螺丝装配参考。,,,thumbs/polywood-oxford-deep-seating-chair.jpg,https://www.polywood.com/products/oxford-deep-seating-chair-4451,https://cdn.shopify.com/s/files/1/0707/7147/4659/files/yfoli4huefry05r6597z.jpg?v=1736812359
polywood-palm-coast-dining-chair,Palm Coast Dining Chair,POLYWOOD,HDPE / PE 板件可转化,HDPE / PE; poly lumber; recycled plastic; 板件 / 板条; 扶手椅,HDPE / poly lumber brand,HDPE / PE / poly lumber / recycled plastic；单把完整扶手椅产品图；板条或板件结构，适合发泡 PE / HDPE 板件、CNC 切割、螺丝装配参考。,,,thumbs/polywood-palm-coast-dining-chair.jpg,https://www.polywood.com/products/palm-coast-dining-chair-hnd200,https://cdn.shopify.com/s/files/1/0707/7147/4659/files/tbpcou2ab6uahm2ymy4s_0e85d7d5-8294-4c74-8f49-2c04f1504af2.jpg?v=1737499457
polywood-prairie-dining-arm-chair,Prairie Dining Arm Chair,POLYWOOD,HDPE / PE 板件可转化,HDPE / PE; poly lumber; recycled plastic; 板件 / 板条; 扶手椅,HDPE / poly lumber brand,HDPE / PE / poly lumber / recycled plastic；单把完整扶手椅产品图；板条或板件结构，适合发泡 PE / HDPE 板件、CNC 切割、螺丝装配参考。,,,thumbs/polywood-prairie-dining-arm-chair.jpg,https://www.polywood.com/products/prairie-dining-arm-chair-tld260,https://cdn.shopify.com/s/files/1/0707/7147/4659/files/uzbufaqus1lqhrd6bnhd.jpg?v=1737499197
polywood-prescott-dining-arm-chair,Prescott Dining Arm Chair,POLYWOOD,HDPE / PE 板件可转化,HDPE / PE; poly lumber; recycled plastic; 板件 / 板条; 扶手椅,HDPE / poly lumber brand,HDPE / PE / poly lumber / recycled plastic；单把完整扶手椅产品图；板条或板件结构，适合发泡 PE / HDPE 板件、CNC 切割、螺丝装配参考。,,,thumbs/polywood-prescott-dining-arm-chair.jpg,https://www.polywood.com/products/prescott-dining-arm-chair-pd200,https://cdn.shopify.com/s/files/1/0707/7147/4659/files/metozu0rjffnwferra51.jpg?v=1737499336
polywood-prairie-deep-seating-chair,Prairie Deep Seating Chair,POLYWOOD,HDPE / PE 板件可转化,HDPE / PE; poly lumber; recycled plastic; 板件 / 板条; 扶手椅,HDPE / poly lumber brand,HDPE / PE / poly lumber / recycled plastic；单把完整扶手椅产品图；板条或板件结构，适合发泡 PE / HDPE 板件、CNC 切割、螺丝装配参考。,,,thumbs/polywood-prairie-deep-seating-chair.jpg,https://www.polywood.com/products/prairie-deep-seating-chair-4461,https://cdn.shopify.com/s/files/1/0707/7147/4659/files/rcpwgh3ixducts9meaoc.jpg?v=1736812356
polywood-prescott-deep-seating-chair,Prescott Deep Seating Chair,POLYWOOD,HDPE / PE 板件可转化,HDPE / PE; poly lumber; recycled plastic; 板件 / 板条; 扶手椅,HDPE / poly lumber brand,HDPE / PE / poly lumber / recycled plastic；单把完整扶手椅产品图；板条或板件结构，适合发泡 PE / HDPE 板件、CNC 切割、螺丝装配参考。,,,thumbs/polywood-prescott-deep-seating-chair.jpg,https://www.polywood.com/products/prescott-deep-seating-chair-4101,https://cdn.shopify.com/s/files/1/0707/7147/4659/files/yhu9f7ztaizaygcniwo8.jpg?v=1736812362
polywood-riviera-modern-lounge-chair,Riviera Modern Lounge Chair,POLYWOOD,HDPE / PE 板件可转化,HDPE / PE; poly lumber; recycled plastic; 板件 / 板条; 扶手椅,HDPE / poly lumber brand,HDPE / PE / poly lumber / recycled plastic；单把完整扶手椅产品图；板条或板件结构，适合发泡 PE / HDPE 板件、CNC 切割、螺丝装配参考。,,,thumbs/polywood-riviera-modern-lounge-chair.jpg,https://www.polywood.com/products/riviera-modern-lounge-chair-1401,https://cdn.shopify.com/s/files/1/0707/7147/4659/files/uta5nx9nlih6ejllrrdj.jpg?v=1736812378
polywood-rockford-garden-arm-chair,Rockford Garden Arm Chair,POLYWOOD,HDPE / PE 板件可转化,HDPE / PE; poly lumber; recycled plastic; 板件 / 板条; 扶手椅,HDPE / poly lumber brand,HDPE / PE / poly lumber / recycled plastic；单把完整扶手椅产品图；板条或板件结构，适合发泡 PE / HDPE 板件、CNC 切割、螺丝装配参考。,,,thumbs/polywood-rockford-garden-arm-chair.jpg,https://www.polywood.com/products/rockford-garden-arm-chair-rkb24,https://cdn.shopify.com/s/files/1/0707/7147/4659/files/acoqvzag8c2kivxbh2uu.jpg?v=1737499337
polywood-seashell-dining-chair,Seashell Dining Chair,POLYWOOD,HDPE / PE 板件可转化,HDPE / PE; poly lumber; recycled plastic; 板件 / 板条; 扶手椅,HDPE / poly lumber brand,HDPE / PE / poly lumber / recycled plastic；单把完整扶手椅产品图；板条或板件结构，适合发泡 PE / HDPE 板件、CNC 切割、螺丝装配参考。,,,thumbs/polywood-seashell-dining-chair.jpg,https://www.polywood.com/products/seashell-dining-chair-shd19,https://cdn.shopify.com/s/files/1/0707/7147/4659/files/fi9rfslsmcxttxd65orl.jpg?v=1749495877
polywood-signature-dining-chair,Signature Dining Chair,POLYWOOD,HDPE / PE 板件可转化,HDPE / PE; poly lumber; recycled plastic; 板件 / 板条; 扶手椅,HDPE / poly lumber brand,HDPE / PE / poly lumber / recycled plastic；单把完整扶手椅产品图；板条或板件结构，适合发泡 PE / HDPE 板件、CNC 切割、螺丝装配参考。,,,thumbs/polywood-signature-dining-chair.jpg,https://www.polywood.com/products/signature-dining-chair-1910,https://cdn.shopify.com/s/files/1/0707/7147/4659/files/rc2cx5lgkubbhfdhl4df.jpg?v=1737499194
polywood-traditional-garden-dining-arm-chair,Traditional Garden Dining Arm Chair,POLYWOOD,HDPE / PE 板件可转化,HDPE / PE; poly lumber; recycled plastic; 板件 / 板条; 扶手椅,HDPE / poly lumber brand,HDPE / PE / poly lumber / recycled plastic；单把完整扶手椅产品图；板条或板件结构，适合发泡 PE / HDPE 板件、CNC 切割、螺丝装配参考。,,,thumbs/polywood-traditional-garden-dining-arm-chair.jpg,https://www.polywood.com/products/traditional-garden-dining-arm-chair-tgd200,https://cdn.shopify.com/s/files/1/0707/7147/4659/files/fjvvv5cvzsh728tzz0q3.jpg?v=1737499514
polywood-traditional-garden-arm-chair,Traditional Garden Arm Chair,POLYWOOD,HDPE / PE 板件可转化,HDPE / PE; poly lumber; recycled plastic; 板件 / 板条; 扶手椅,HDPE / poly lumber brand,HDPE / PE / poly lumber / recycled plastic；单把完整扶手椅产品图；板条或板件结构，适合发泡 PE / HDPE 板件、CNC 切割、螺丝装配参考。,,,thumbs/polywood-traditional-garden-arm-chair.jpg,https://www.polywood.com/products/traditional-garden-arm-chair-tgb24,https://cdn.shopify.com/s/files/1/0707/7147/4659/files/abqqjchejvsrybzk4pvx.jpg?v=1737499292
polywood-vineyard-deep-seating-chair,Vineyard Deep Seating Chair,POLYWOOD,HDPE / PE 板件可转化,HDPE / PE; poly lumber; recycled plastic; 板件 / 板条; 扶手椅,HDPE / poly lumber brand,HDPE / PE / poly lumber / recycled plastic；单把完整扶手椅产品图；板条或板件结构，适合发泡 PE / HDPE 板件、CNC 切割、螺丝装配参考。,,,thumbs/polywood-vineyard-deep-seating-chair.jpg,https://www.polywood.com/products/vineyard-deep-seating-chair-gn23,https://cdn.shopify.com/s/files/1/0707/7147/4659/files/i0zxexted8bbpylwoh7f.jpg?v=1772492481
polywood-vineyard-garden-arm-chair,Vineyard Garden Arm Chair,POLYWOOD,HDPE / PE 板件可转化,HDPE / PE; poly lumber; recycled plastic; 板件 / 板条; 扶手椅,HDPE / poly lumber brand,HDPE / PE / poly lumber / recycled plastic；单把完整扶手椅产品图；板条或板件结构，适合发泡 PE / HDPE 板件、CNC 切割、螺丝装配参考。,,,thumbs/polywood-vineyard-garden-arm-chair.jpg,https://www.polywood.com/products/vineyard-garden-arm-chair-gnb24,https://cdn.shopify.com/s/files/1/0707/7147/4659/files/k4cp1kp8dvho3qojkykl.jpg?v=1772491806
polywood-vineyard-dining-arm-chair,Vineyard Dining Arm Chair,POLYWOOD,HDPE / PE 板件可转化,HDPE / PE; poly lumber; recycled plastic; 板件 / 板条; 扶手椅,HDPE / poly lumber brand,HDPE / PE / poly lumber / recycled plastic；单把完整扶手椅产品图；板条或板件结构，适合发泡 PE / HDPE 板件、CNC 切割、螺丝装配参考。,,,thumbs/polywood-vineyard-dining-arm-chair.jpg,https://www.polywood.com/products/vineyard-dining-arm-chair-vnd230,https://cdn.shopify.com/s/files/1/0707/7147/4659/files/m29baavcpvou37xtjhio.jpg?v=1772491819
trex-outdoor-furniture-cape-cod-dining-arm-chair,Cape Cod Dining Arm Chair,Trex Outdoor Furniture,HDPE / PE 板件可转化,HDPE / PE; poly lumber; recycled plastic; 板件 / 板条; 扶手椅,HDPE / poly lumber brand,HDPE / PE / poly lumber / recycled plastic；单把完整扶手椅产品图；板条或板件结构，适合发泡 PE / HDPE 板件、CNC 切割、螺丝装配参考。,,,thumbs/trex-outdoor-furniture-cape-cod-dining-arm-chair.jpg,https://www.trexfurniture.com/products/cape-cod-dining-arm-chair-txtld230,https://cdn.shopify.com/s/files/1/0683/0374/9165/files/qx4bjjdfxptefws9bc5v.jpg?v=1752853404
trex-outdoor-furniture-cape-cod-deep-seating-chair,Cape Cod Deep Seating Chair,Trex Outdoor Furniture,HDPE / PE 板件可转化,HDPE / PE; poly lumber; recycled plastic; 板件 / 板条; 扶手椅,HDPE / poly lumber brand,HDPE / PE / poly lumber / recycled plastic；单把完整扶手椅产品图；板条或板件结构，适合发泡 PE / HDPE 板件、CNC 切割、螺丝装配参考。,,,thumbs/trex-outdoor-furniture-cape-cod-deep-seating-chair.jpg,https://www.trexfurniture.com/products/cape-cod-deep-seating-chair-tx4431,https://cdn.shopify.com/s/files/1/0683/0374/9165/files/zauu53ecvpwxe6wfjhux.jpg?v=1752853034
trex-outdoor-furniture-rockport-club-chair,Rockport Club Chair,Trex Outdoor Furniture,HDPE / PE 板件可转化,HDPE / PE; poly lumber; recycled plastic; 板件 / 板条; 扶手椅,HDPE / poly lumber brand,HDPE / PE / poly lumber / recycled plastic；单把完整扶手椅产品图；板条或板件结构，适合发泡 PE / HDPE 板件、CNC 切割、螺丝装配参考。,,,thumbs/trex-outdoor-furniture-rockport-club-chair.jpg,https://www.trexfurniture.com/products/rockport-club-chair-txc23,https://cdn.shopify.com/s/files/1/0683/0374/9165/files/z3ogg45jjpmjfxpwjgdb.jpg?v=1752853023
trex-outdoor-furniture-yacht-club-garden-arm-chair,Yacht Club Garden Arm Chair,Trex Outdoor Furniture,HDPE / PE 板件可转化,HDPE / PE; poly lumber; recycled plastic; 板件 / 板条; 扶手椅,HDPE / poly lumber brand,HDPE / PE / poly lumber / recycled plastic；单把完整扶手椅产品图；板条或板件结构，适合发泡 PE / HDPE 板件、CNC 切割、螺丝装配参考。,,,thumbs/trex-outdoor-furniture-yacht-club-garden-arm-chair.jpg,https://www.trexfurniture.com/products/yacht-club-garden-arm-chair-txb24,https://cdn.shopify.com/s/files/1/0683/0374/9165/files/nxcyqfgt9uzp9e4yzz9y.jpg?v=1752851918
trex-outdoor-furniture-yacht-club-dining-arm-chair,Yacht Club Dining Arm Chair,Trex Outdoor Furniture,HDPE / PE 板件可转化,HDPE / PE; poly lumber; recycled plastic; 板件 / 板条; 扶手椅,HDPE / poly lumber brand,HDPE / PE / poly lumber / recycled plastic；单把完整扶手椅产品图；板条或板件结构，适合发泡 PE / HDPE 板件、CNC 切割、螺丝装配参考。,,,thumbs/trex-outdoor-furniture-yacht-club-dining-arm-chair.jpg,https://www.trexfurniture.com/products/yacht-club-dining-arm-chair-txd230,https://cdn.shopify.com/s/files/1/0683/0374/9165/files/mw8kqpxgnugcia6zrol1.jpg?v=1752851882
trex-outdoor-furniture-yacht-club-deep-seating-chair,Yacht Club Deep Seating Chair,Trex Outdoor Furniture,HDPE / PE 板件可转化,HDPE / PE; poly lumber; recycled plastic; 板件 / 板条; 扶手椅,HDPE / poly lumber brand,HDPE / PE / poly lumber / recycled plastic；单把完整扶手椅产品图；板条或板件结构，适合发泡 PE / HDPE 板件、CNC 切割、螺丝装配参考。,,,thumbs/trex-outdoor-furniture-yacht-club-deep-seating-chair.jpg,https://www.trexfurniture.com/products/yacht-club-deep-seating-chair-tx4511,https://cdn.shopify.com/s/files/1/0683/0374/9165/files/TX4511-SC145986-VARIANT-IMAGE.jpg?v=1753974529
trex-outdoor-furniture-eastport-club-chair,Eastport Club Chair,Trex Outdoor Furniture,HDPE / PE 板件可转化,HDPE / PE; poly lumber; recycled plastic; 板件 / 板条; 扶手椅,HDPE / poly lumber brand,HDPE / PE / poly lumber / recycled plastic；单把完整扶手椅产品图；板条或板件结构，适合发泡 PE / HDPE 板件、CNC 切割、螺丝装配参考。,,,thumbs/trex-outdoor-furniture-eastport-club-chair.jpg,https://www.trexfurniture.com/products/eastport-club-chair-tx4621,https://cdn.shopify.com/s/files/1/0683/0374/9165/files/rqw9a8wxgt7qd8srqr8q.jpg?v=1752851489
trex-outdoor-furniture-monterey-bay-dining-arm-chair,Monterey Bay Dining Arm Chair,Trex Outdoor Furniture,HDPE / PE 板件可转化,HDPE / PE; poly lumber; recycled plastic; 板件 / 板条; 扶手椅,HDPE / poly lumber brand,HDPE / PE / poly lumber / recycled plastic；单把完整扶手椅产品图；板条或板件结构，适合发泡 PE / HDPE 板件、CNC 切割、螺丝装配参考。,,,thumbs/trex-outdoor-furniture-monterey-bay-dining-arm-chair.jpg,https://www.trexfurniture.com/products/monterey-bay-dining-arm-chair-txd200,https://cdn.shopify.com/s/files/1/0683/0374/9165/files/i4cnapaekbdtyxmznzqk.jpg?v=1752850945
highwood-lehigh-deep-seating-club-chair,Lehigh Deep Seating Club Chair,highwood,HDPE / PE 板件可转化,HDPE / PE; poly lumber; recycled plastic; 板件 / 板条; 扶手椅,HDPE synthetic wood / poly lumber brand,HDPE / PE / poly lumber / recycled plastic；单把完整扶手椅产品图；板条或板件结构，适合发泡 PE / HDPE 板件、CNC 切割、螺丝装配参考。,,,thumbs/highwood-lehigh-deep-seating-club-chair.jpg,https://highwood-usa.com/products/lehigh-deep-seating-club-chair,https://cdn.shopify.com/s/files/1/0059/6597/1490/files/AD-KIT00001-LPA-CGE_3.jpg?v=1765312584
highwood-riverside-garden-chair,Riverside Garden Chair,highwood,HDPE / PE 板件可转化,HDPE / PE; poly lumber; recycled plastic; 板件 / 板条; 扶手椅,HDPE synthetic wood / poly lumber brand,HDPE / PE / poly lumber / recycled plastic；单把完整扶手椅产品图；板条或板件结构，适合发泡 PE / HDPE 板件、CNC 切割、螺丝装配参考。,,,thumbs/highwood-riverside-garden-chair.jpg,https://highwood-usa.com/products/riverside-garden-chair,https://cdn.shopify.com/s/files/1/0059/6597/1490/products/BV-CHGR1-CGR_1.jpg?v=1709583657
highwood-westport-garden-chair,Westport Garden Chair,highwood,HDPE / PE 板件可转化,HDPE / PE; poly lumber; recycled plastic; 板件 / 板条; 扶手椅,HDPE synthetic wood / poly lumber brand,HDPE / PE / poly lumber / recycled plastic；单把完整扶手椅产品图；板条或板件结构，适合发泡 PE / HDPE 板件、CNC 切割、螺丝装配参考。,,,thumbs/highwood-westport-garden-chair.jpg,https://highwood-usa.com/products/westport-garden-chair,https://cdn.shopify.com/s/files/1/0059/6597/1490/files/AD-CHGC1-ACE_1.jpg?v=1758667739
highwood-weatherly-garden-chair,Weatherly Garden Chair,highwood,HDPE / PE 板件可转化,HDPE / PE; poly lumber; recycled plastic; 板件 / 板条; 扶手椅,HDPE synthetic wood / poly lumber brand,HDPE / PE / poly lumber / recycled plastic；单把完整扶手椅产品图；板条或板件结构，适合发泡 PE / HDPE 板件、CNC 切割、螺丝装配参考。,,,thumbs/highwood-weatherly-garden-chair.jpg,https://highwood-usa.com/products/weatherly-garden-chair,https://cdn.shopify.com/s/files/1/0059/6597/1490/files/AD-CHGW1-ACE_1_5de9288d-7296-4b61-a750-9db33a5b3bc2.jpg?v=1758650475
highwood-lehigh-garden-chair,Lehigh Garden Chair,highwood,HDPE / PE 板件可转化,HDPE / PE; poly lumber; recycled plastic; 板件 / 板条; 扶手椅,HDPE synthetic wood / poly lumber brand,HDPE / PE / poly lumber / recycled plastic；单把完整扶手椅产品图；板条或板件结构，适合发泡 PE / HDPE 板件、CNC 切割、螺丝装配参考。,,,thumbs/highwood-lehigh-garden-chair.jpg,https://highwood-usa.com/products/lehigh-garden-chair,https://cdn.shopify.com/s/files/1/0059/6597/1490/files/AD-CHGL1-ACE_2.jpg?v=1758650175
highwood-weatherly-armchair-dining,Weatherly Armchair - Dining,highwood,HDPE / PE 板件可转化,HDPE / PE; poly lumber; recycled plastic; 板件 / 板条; 扶手椅,HDPE synthetic wood / poly lumber brand,HDPE / PE / poly lumber / recycled plastic；单把完整扶手椅产品图；板条或板件结构，适合发泡 PE / HDPE 板件、CNC 切割、螺丝装配参考。,,,thumbs/highwood-weatherly-armchair-dining.jpg,https://highwood-usa.com/products/weatherly-armchair,https://cdn.shopify.com/s/files/1/0059/6597/1490/files/AD-CHDW2-ACE_1.jpg?v=1758668095
highwood-lehigh-armchair-dining-height,Lehigh Armchair - Dining Height,highwood,HDPE / PE 板件可转化,HDPE / PE; poly lumber; recycled plastic; 板件 / 板条; 扶手椅,HDPE synthetic wood / poly lumber brand,HDPE / PE / poly lumber / recycled plastic；单把完整扶手椅产品图；板条或板件结构，适合发泡 PE / HDPE 板件、CNC 切割、螺丝装配参考。,,,thumbs/highwood-lehigh-armchair-dining-height.jpg,https://highwood-usa.com/products/lehigh-armchair,https://cdn.shopify.com/s/files/1/0059/6597/1490/files/AD-CHDL2-ACE_1_e82ca51b-7e87-4d19-af52-0667d4369078.jpg?v=1758668219
loll-designs-fredricksonn-club-chair,Fredricksonn Club Chair,Loll Designs,HDPE / PE 板件可转化,HDPE / PE; poly lumber; recycled plastic; 板件 / 板条; 扶手椅,recycled HDPE flat-panel furniture brand,HDPE / PE / poly lumber / recycled plastic；单把完整扶手椅产品图；板条或板件结构，适合发泡 PE / HDPE 板件、CNC 切割、螺丝装配参考。,,,thumbs/loll-designs-fredricksonn-club-chair.jpg,https://lolldesigns.com/products/fredricksonn-club-chair,https://cdn.shopify.com/s/files/1/0369/6721/9340/files/fredricksonn_club_chair-grey.jpg?v=1778858035
loll-designs-fredricksonn-dining-chair,Fredricksonn Dining Chair,Loll Designs,HDPE / PE 板件可转化,HDPE / PE; poly lumber; recycled plastic; 板件 / 板条; 扶手椅,recycled HDPE flat-panel furniture brand,HDPE / PE / poly lumber / recycled plastic；单把完整扶手椅产品图；板条或板件结构，适合发泡 PE / HDPE 板件、CNC 切割、螺丝装配参考。,,,thumbs/loll-designs-fredricksonn-dining-chair.jpg,https://lolldesigns.com/products/fredricksonn-dining-chair,https://cdn.shopify.com/s/files/1/0369/6721/9340/files/fredricksonn_club_chair-arms-grey.jpg?v=1778872032
loll-designs-deck-chair-yard-sale,"Deck Chair, Yard Sale",Loll Designs,HDPE / PE 板件可转化,HDPE / PE; poly lumber; recycled plastic; 板件 / 板条; 扶手椅,recycled HDPE flat-panel furniture brand,HDPE / PE / poly lumber / recycled plastic；单把完整扶手椅产品图；板条或板件结构，适合发泡 PE / HDPE 板件、CNC 切割、螺丝装配参考。,,,thumbs/loll-designs-deck-chair-yard-sale.jpg,https://lolldesigns.com/products/deck-chair-yard-sale,https://cdn.shopify.com/s/files/1/0369/6721/9340/products/deckchair_driftwood.jpg?v=1765386287
loll-designs-nisswa-lounge-chair-yard-sale,"Nisswa Lounge Chair, Yard Sale",Loll Designs,HDPE / PE 板件可转化,HDPE / PE; poly lumber; recycled plastic; 板件 / 板条; 扶手椅,recycled HDPE flat-panel furniture brand,HDPE / PE / poly lumber / recycled plastic；单把完整扶手椅产品图；板条或板件结构，适合发泡 PE / HDPE 板件、CNC 切割、螺丝装配参考。,,,thumbs/loll-designs-nisswa-lounge-chair-yard-sale.jpg,https://lolldesigns.com/products/nisswa-lounge-chair-overstock,https://cdn.shopify.com/s/files/1/0369/6721/9340/products/nisswa_chair_white_petal.jpg?v=1741635243
loll-designs-nisswa-lounge-chair,Nisswa Lounge Chair,Loll Designs,HDPE / PE 板件可转化,HDPE / PE; poly lumber; recycled plastic; 板件 / 板条; 扶手椅,recycled HDPE flat-panel furniture brand,HDPE / PE / poly lumber / recycled plastic；单把完整扶手椅产品图；板条或板件结构，适合发泡 PE / HDPE 板件、CNC 切割、螺丝装配参考。,,,thumbs/loll-designs-nisswa-lounge-chair.jpg,https://lolldesigns.com/products/nisswa-lounge-chair,https://cdn.shopify.com/s/files/1/0369/6721/9340/products/nisswa_chair_white_silver.jpg?v=1741635241
loll-designs-go-club-chair,Go Club Chair,Loll Designs,HDPE / PE 板件可转化,HDPE / PE; poly lumber; recycled plastic; 板件 / 板条; 扶手椅,recycled HDPE flat-panel furniture brand,HDPE / PE / poly lumber / recycled plastic；单把完整扶手椅产品图；板条或板件结构，适合发泡 PE / HDPE 板件、CNC 切割、螺丝装配参考。,,,thumbs/loll-designs-go-club-chair.jpg,https://lolldesigns.com/products/go-club-chair,https://cdn.shopify.com/s/files/1/0369/6721/9340/products/go_clubchair_grey.jpg?v=1755006590
loll-designs-deck-chair,Deck Chair,Loll Designs,HDPE / PE 板件可转化,HDPE / PE; poly lumber; recycled plastic; 板件 / 板条; 扶手椅,recycled HDPE flat-panel furniture brand,HDPE / PE / poly lumber / recycled plastic；单把完整扶手椅产品图；板条或板件结构，适合发泡 PE / HDPE 板件、CNC 切割、螺丝装配参考。,,,thumbs/loll-designs-deck-chair.jpg,https://lolldesigns.com/products/deck-chair,https://cdn.shopify.com/s/files/1/0369/6721/9340/products/deckchair_grey.jpg?v=1765386287
loll-designs-lago-lounge-chair,Lago Lounge Chair,Loll Designs,HDPE / PE 板件可转化,HDPE / PE; poly lumber; recycled plastic; 板件 / 板条; 扶手椅,recycled HDPE flat-panel furniture brand,HDPE / PE / poly lumber / recycled plastic；单把完整扶手椅产品图；板条或板件结构，适合发泡 PE / HDPE 板件、CNC 切割、螺丝装配参考。,,,thumbs/loll-designs-lago-lounge-chair.jpg,https://lolldesigns.com/products/lago-patio-chair,https://cdn.shopify.com/s/files/1/0369/6721/9340/files/lago-grey.jpg?v=1755616038
duraweather-duraweather-poly-club-dining-chair,DuraWeather Poly CLUB DINING CHAIR,DuraWeather,HDPE / PE 板件可转化,HDPE / PE; poly lumber; recycled plastic; 板件 / 板条; 扶手椅,poly / HDPE outdoor furniture brand,HDPE / PE / poly lumber / recycled plastic；单把完整扶手椅产品图；板条或板件结构，适合发泡 PE / HDPE 板件、CNC 切割、螺丝装配参考。,,,thumbs/duraweather-duraweather-poly-club-dining-chair.jpg,https://duraweather.com/products/duraweather-poly-club-dining-chair,https://cdn.shopify.com/s/files/1/0042/1760/2161/files/White_843d6e65-45ec-4bca-a325-41c3b5d62f24.png?v=1777043434
duraweather-duraweather-poly-modern-dining-chair,DuraWeather Poly MODERN DINING CHAIR,DuraWeather,HDPE / PE 板件可转化,HDPE / PE; poly lumber; recycled plastic; 板件 / 板条; 扶手椅,poly / HDPE outdoor furniture brand,HDPE / PE / poly lumber / recycled plastic；单把完整扶手椅产品图；板条或板件结构，适合发泡 PE / HDPE 板件、CNC 切割、螺丝装配参考。,,,thumbs/duraweather-duraweather-poly-modern-dining-chair.jpg,https://duraweather.com/products/duraweather-poly-modern-dining-chair-1,https://cdn.shopify.com/s/files/1/0042/1760/2161/files/White_1377e50a-e7d2-470d-bc69-c23d28cacc90.png?v=1777503043
duraweather-duraweather-poly-fanback-dining-chair,DuraWeather Poly FANBACK DINING CHAIR,DuraWeather,HDPE / PE 板件可转化,HDPE / PE; poly lumber; recycled plastic; 板件 / 板条; 扶手椅,poly / HDPE outdoor furniture brand,HDPE / PE / poly lumber / recycled plastic；单把完整扶手椅产品图；板条或板件结构，适合发泡 PE / HDPE 板件、CNC 切割、螺丝装配参考。,,,thumbs/duraweather-duraweather-poly-fanback-dining-chair.jpg,https://duraweather.com/products/duraweather-poly-fanback-dining-chair-1,https://cdn.shopify.com/s/files/1/0042/1760/2161/files/White_262a0613-7c6a-4312-8902-498818ac8582.png?v=1777671504
duraweather-edge-modern-dining-chair,Edge Modern Dining Chair,DuraWeather,HDPE / PE 板件可转化,HDPE / PE; poly lumber; recycled plastic; 板件 / 板条; 扶手椅,poly / HDPE outdoor furniture brand,HDPE / PE / poly lumber / recycled plastic；单把完整扶手椅产品图；板条或板件结构，适合发泡 PE / HDPE 板件、CNC 切割、螺丝装配参考。,,,thumbs/duraweather-edge-modern-dining-chair.jpg,https://duraweather.com/products/edge-modern-dining-chair,https://cdn.shopify.com/s/files/1/0042/1760/2161/files/antique_mahogany_-_chair_side_front.png?v=1755624575
duraweather-duraweather-poly-english-garden-mission-deck-chair,DURAWEATHER POLY ENGLISH GARDEN MISSION Deck Chair,DuraWeather,HDPE / PE 板件可转化,HDPE / PE; poly lumber; recycled plastic; 板件 / 板条; 扶手椅,poly / HDPE outdoor furniture brand,HDPE / PE / poly lumber / recycled plastic；单把完整扶手椅产品图；板条或板件结构，适合发泡 PE / HDPE 板件、CNC 切割、螺丝装配参考。,,,thumbs/duraweather-duraweather-poly-english-garden-mission-deck-chair.jpg,https://duraweather.com/products/garden-mission-chair,https://cdn.shopify.com/s/files/1/0042/1760/2161/files/duraweatherenglishgardendeckchair3.png?v=1706370618
outdoors-rocking-chair-beaver-dam-outdoor-island-arm-chair,Beaver Dam Outdoor Island Arm Chair,OutdoorsRockingChair.com,HDPE / PE 板件可转化,HDPE / PE; poly lumber; recycled plastic; 板件 / 板条; 扶手椅,retailer: recycled plastic / poly lumber brands,HDPE / PE / poly lumber / recycled plastic；单把完整扶手椅产品图；板条或板件结构，适合发泡 PE / HDPE 板件、CNC 切割、螺丝装配参考。,,,thumbs/outdoors-rocking-chair-beaver-dam-outdoor-island-arm-chair.jpg,https://www.outdoorsrockingchair.com/products/beaver-dam-outdoor-island-arm-chair,https://cdn.shopify.com/s/files/1/0814/7461/files/Beaver_Dam_Outdoor_Island_Arm_Chair_seashell_and_patriot_blue.png?v=1775059208
outdoors-rocking-chair-beaver-dam-outdoor-farmhouse-dining-chair-dining-height,Beaver Dam Outdoor Farmhouse Dining Chair (DINING HEIGHT),OutdoorsRockingChair.com,HDPE / PE 板件可转化,HDPE / PE; poly lumber; recycled plastic; 板件 / 板条; 扶手椅,retailer: recycled plastic / poly lumber brands,HDPE / PE / poly lumber / recycled plastic；单把完整扶手椅产品图；板条或板件结构，适合发泡 PE / HDPE 板件、CNC 切割、螺丝装配参考。,,,thumbs/outdoors-rocking-chair-beaver-dam-outdoor-farmhouse-dining-chair-dining-height.jpg,https://www.outdoorsrockingchair.com/products/beaver-dam-outdoor-farmhouse-dining-chair,https://cdn.shopify.com/s/files/1/0814/7461/files/Beaver_Dam_Outdoor_Farmhouse_Dining_Chair.png?v=1774897635
outdoors-rocking-chair-beaver-dam-outdoor-supreme-dining-chair-dining-height,Beaver Dam Outdoor Supreme Dining Chair (DINING HEIGHT),OutdoorsRockingChair.com,HDPE / PE 板件可转化,HDPE / PE; poly lumber; recycled plastic; 板件 / 板条; 扶手椅,retailer: recycled plastic / poly lumber brands,HDPE / PE / poly lumber / recycled plastic；单把完整扶手椅产品图；板条或板件结构，适合发泡 PE / HDPE 板件、CNC 切割、螺丝装配参考。,,,thumbs/outdoors-rocking-chair-beaver-dam-outdoor-supreme-dining-chair-dining-height.jpg,https://www.outdoorsrockingchair.com/products/beaver-dam-outdoor-supreme-dining-chair,https://cdn.shopify.com/s/files/1/0814/7461/files/Beaver_Dam_Outdoor_Supreme_Dining_Chair_-_Brazilian_Walnut_Mahogany.png?v=1774044715
outdoors-rocking-chair-beaver-dam-outdoor-empress-dining-chair-dining-height,Beaver Dam Outdoor Empress Dining Chair (DINING HEIGHT),OutdoorsRockingChair.com,HDPE / PE 板件可转化,HDPE / PE; poly lumber; recycled plastic; 板件 / 板条; 扶手椅,retailer: recycled plastic / poly lumber brands,HDPE / PE / poly lumber / recycled plastic；单把完整扶手椅产品图；板条或板件结构，适合发泡 PE / HDPE 板件、CNC 切割、螺丝装配参考。,,,thumbs/outdoors-rocking-chair-beaver-dam-outdoor-empress-dining-chair-dining-height.jpg,https://www.outdoorsrockingchair.com/products/beaver-dam-outdoor-empress-dining-chair-dining-height,https://cdn.shopify.com/s/files/1/0814/7461/files/Empress_Dining_Chair.png?v=1773767316
outdoors-rocking-chair-sopoly-callaway-recycled-plastic-dining-chair-dining-height,Sopoly Callaway Recycled Plastic Dining Chair (DINING HEIGHT),OutdoorsRockingChair.com,HDPE / PE 板件可转化,HDPE / PE; poly lumber; recycled plastic; 板件 / 板条; 扶手椅,retailer: recycled plastic / poly lumber brands,HDPE / PE / poly lumber / recycled plastic；单把完整扶手椅产品图；板条或板件结构，适合发泡 PE / HDPE 板件、CNC 切割、螺丝装配参考。,,,thumbs/outdoors-rocking-chair-sopoly-callaway-recycled-plastic-dining-chair-dining-height.jpg,https://www.outdoorsrockingchair.com/products/sopoly-callaway-recycled-plastic-dining-chair,https://cdn.shopify.com/s/files/1/0814/7461/files/calltybee.png?v=1772818892
outdoors-rocking-chair-beaver-dam-outdoor-seabreak-dining-chair-w-arms-dining-height,Beaver Dam Outdoor Seabreak Dining Chair w/ Arms (DINING HEIGHT),OutdoorsRockingChair.com,HDPE / PE 板件可转化,HDPE / PE; poly lumber; recycled plastic; 板件 / 板条; 扶手椅,retailer: recycled plastic / poly lumber brands,HDPE / PE / poly lumber / recycled plastic；单把完整扶手椅产品图；板条或板件结构，适合发泡 PE / HDPE 板件、CNC 切割、螺丝装配参考。,,,thumbs/outdoors-rocking-chair-beaver-dam-outdoor-seabreak-dining-chair-w-arms-dining-height.jpg,https://www.outdoorsrockingchair.com/products/beaver-dam-woodworks-seabreak-dining-chair-w-arms,https://cdn.shopify.com/s/files/1/0814/7461/files/SE-DC-A.jpg?v=1745644253
outdoors-rocking-chair-seaside-casual-recycled-plastic-greenwich-dining-arm-chair-slatted,Seaside Casual Recycled Plastic Greenwich Dining Arm Chair Slatted,OutdoorsRockingChair.com,HDPE / PE 板件可转化,HDPE / PE; poly lumber; recycled plastic; 板件 / 板条; 扶手椅,retailer: recycled plastic / poly lumber brands,HDPE / PE / poly lumber / recycled plastic；单把完整扶手椅产品图；板条或板件结构，适合发泡 PE / HDPE 板件、CNC 切割、螺丝装配参考。,,,thumbs/outdoors-rocking-chair-seaside-casual-recycled-plastic-greenwich-dining-arm-chair-slatted.jpg,https://www.outdoorsrockingchair.com/products/seaside-casual-recycled-plastic-greenwich-dining-arm-chair-slatted,https://cdn.shopify.com/s/files/1/0814/7461/files/602S-h-1496x1764-a6b86155-5c51-4c21-aa71-82368e0f496a.jpg?v=1754538841
outdoors-rocking-chair-seaside-casual-recycled-plastic-sur-dining-arm-chair,Seaside Casual Recycled Plastic Sur Dining Arm Chair,OutdoorsRockingChair.com,HDPE / PE 板件可转化,HDPE / PE; poly lumber; recycled plastic; 板件 / 板条; 扶手椅,retailer: recycled plastic / poly lumber brands,HDPE / PE / poly lumber / recycled plastic；单把完整扶手椅产品图；板条或板件结构，适合发泡 PE / HDPE 板件、CNC 切割、螺丝装配参考。,,,thumbs/outdoors-rocking-chair-seaside-casual-recycled-plastic-sur-dining-arm-chair.jpg,https://www.outdoorsrockingchair.com/products/seaside-casual-recycled-plastic-sur-dining-arm-chair,https://cdn.shopify.com/s/files/1/0814/7461/files/801-SUR-Arm-Chair-1920x2560-2708ec24-24f0-4c3d-9965-c51eff313108.jpg?v=1754619781
outdoors-rocking-chair-seaside-casual-recycled-plastic-sur-reclining-lounge-chair,Seaside Casual Recycled Plastic Sur Reclining Lounge Chair,OutdoorsRockingChair.com,HDPE / PE 板件可转化,HDPE / PE; poly lumber; recycled plastic; 板件 / 板条; 扶手椅,retailer: recycled plastic / poly lumber brands,HDPE / PE / poly lumber / recycled plastic；单把完整扶手椅产品图；板条或板件结构，适合发泡 PE / HDPE 板件、CNC 切割、螺丝装配参考。,,,thumbs/outdoors-rocking-chair-seaside-casual-recycled-plastic-sur-reclining-lounge-chair.jpg,https://www.outdoorsrockingchair.com/products/seaside-casual-recycled-plastic-sur-reclining-lounge-chair,https://cdn.shopify.com/s/files/1/0814/7461/files/800-SUR-Lounge-Chair-1920x2560-fc3c8a2a-9601-48a3-a6f5-70257a03fa58.jpg?v=1754619516
outdoors-rocking-chair-seaside-casual-recycled-plastic-greenwich-dining-arm-chair-provencal,Seaside Casual Recycled Plastic Greenwich Dining Arm Chair Provencal,OutdoorsRockingChair.com,HDPE / PE 板件可转化,HDPE / PE; poly lumber; recycled plastic; 板件 / 板条; 扶手椅,retailer: recycled plastic / poly lumber brands,HDPE / PE / poly lumber / recycled plastic；单把完整扶手椅产品图；板条或板件结构，适合发泡 PE / HDPE 板件、CNC 切割、螺丝装配参考。,,,thumbs/outdoors-rocking-chair-seaside-casual-recycled-plastic-greenwich-dining-arm-chair-provencal.jpg,https://www.outdoorsrockingchair.com/products/seaside-casual-recycled-plastic-greenwich-dining-arm-chair-provencal,https://cdn.shopify.com/s/files/1/0814/7461/files/602P-h-1596x1956-e944497e-58ab-4dfa-9e9e-cd227077e270.jpg?v=1754538385
outdoors-rocking-chair-seaside-casual-recycled-plastic-greenwich-dining-arm-chair-diamond,Seaside Casual Recycled Plastic Greenwich Dining Arm Chair Diamond,OutdoorsRockingChair.com,HDPE / PE 板件可转化,HDPE / PE; poly lumber; recycled plastic; 板件 / 板条; 扶手椅,retailer: recycled plastic / poly lumber brands,HDPE / PE / poly lumber / recycled plastic；单把完整扶手椅产品图；板条或板件结构，适合发泡 PE / HDPE 板件、CNC 切割、螺丝装配参考。,,,thumbs/outdoors-rocking-chair-seaside-casual-recycled-plastic-greenwich-dining-arm-chair-diamond.jpg,https://www.outdoorsrockingchair.com/products/seaside-casual-recycled-plastic-greenwich-dining-arm-chair-diamond,https://cdn.shopify.com/s/files/1/0814/7461/files/602D-h-1596x1956-30de354c-6346-45a9-8f5a-a5a1c06a1eca.jpg?v=1754537446
outdoors-rocking-chair-seaside-casual-recycled-plastic-sym-arm-chair,Seaside Casual Recycled Plastic SYM Arm Chair,OutdoorsRockingChair.com,HDPE / PE 板件可转化,HDPE / PE; poly lumber; recycled plastic; 板件 / 板条; 扶手椅,retailer: recycled plastic / poly lumber brands,HDPE / PE / poly lumber / recycled plastic；单把完整扶手椅产品图；板条或板件结构，适合发泡 PE / HDPE 板件、CNC 切割、螺丝装配参考。,,,thumbs/outdoors-rocking-chair-seaside-casual-recycled-plastic-sym-arm-chair.jpg,https://www.outdoorsrockingchair.com/products/seaside-casual-recycled-plastic-sym-arm-chair,https://cdn.shopify.com/s/files/1/0814/7461/files/0207210-3278x2508-fa3ee0d7-9d08-4d55-98cf-c91d65f9cbbb.jpg?v=1754216427
outdoors-rocking-chair-seaside-casual-recycled-plastic-hampton-dining-chair,Seaside Casual Recycled Plastic Hampton Dining Chair,OutdoorsRockingChair.com,HDPE / PE 板件可转化,HDPE / PE; poly lumber; recycled plastic; 板件 / 板条; 扶手椅,retailer: recycled plastic / poly lumber brands,HDPE / PE / poly lumber / recycled plastic；单把完整扶手椅产品图；板条或板件结构，适合发泡 PE / HDPE 板件、CNC 切割、螺丝装配参考。,,,thumbs/outdoors-rocking-chair-seaside-casual-recycled-plastic-hampton-dining-chair.jpg,https://www.outdoorsrockingchair.com/products/seaside-casual-recycled-plastic-hampton-dining-chair,https://cdn.shopify.com/s/files/1/0814/7461/files/05098.890-3278x2500-03711b40-9c32-43d5-b540-1aad12bd91a5.jpg?v=1754211039
outdoors-rocking-chair-seaside-casual-recycled-plastic-mad-dining-arm-chair,Seaside Casual Recycled Plastic MAD Dining Arm Chair,OutdoorsRockingChair.com,HDPE / PE 板件可转化,HDPE / PE; poly lumber; recycled plastic; 板件 / 板条; 扶手椅,retailer: recycled plastic / poly lumber brands,HDPE / PE / poly lumber / recycled plastic；单把完整扶手椅产品图；板条或板件结构，适合发泡 PE / HDPE 板件、CNC 切割、螺丝装配参考。,,,thumbs/outdoors-rocking-chair-seaside-casual-recycled-plastic-mad-dining-arm-chair.jpg,https://www.outdoorsrockingchair.com/products/seaside-casual-recycled-plastic-mad-dining-arm-chair,https://cdn.shopify.com/s/files/1/0814/7461/files/281_MADFusionDiningArmChair.40_cmyk_465x641_300_CMYK.jpg?v=1754750914
outdoors-rocking-chair-beaver-dam-outdoor-serenity-dining-chair-dining-height,Beaver Dam Outdoor Serenity Dining Chair (DINING HEIGHT),OutdoorsRockingChair.com,HDPE / PE 板件可转化,HDPE / PE; poly lumber; recycled plastic; 板件 / 板条; 扶手椅,retailer: recycled plastic / poly lumber brands,HDPE / PE / poly lumber / recycled plastic；单把完整扶手椅产品图；板条或板件结构，适合发泡 PE / HDPE 板件、CNC 切割、螺丝装配参考。,,,thumbs/outdoors-rocking-chair-beaver-dam-outdoor-serenity-dining-chair-dining-height.jpg,https://www.outdoorsrockingchair.com/products/beaver-dam-woodworks-serenity-dining-chair,https://cdn.shopify.com/s/files/1/0814/7461/files/Beaver_Dam_Outdoor_Serenity_Dining_Chair_DINING_HEIGHT_GRAY_AND_PATRIOT_BLUE.png?v=1767123312
outdoors-rocking-chair-luxcraft-recycled-plastic-urban-arm-chair-dining-height,LuxCraft Recycled Plastic Urban Arm Chair (DINING HEIGHT),OutdoorsRockingChair.com,HDPE / PE 板件可转化,HDPE / PE; poly lumber; recycled plastic; 板件 / 板条; 扶手椅,retailer: recycled plastic / poly lumber brands,HDPE / PE / poly lumber / recycled plastic；单把完整扶手椅产品图；板条或板件结构，适合发泡 PE / HDPE 板件、CNC 切割、螺丝装配参考。,,,thumbs/outdoors-rocking-chair-luxcraft-recycled-plastic-urban-arm-chair-dining-height.jpg,https://www.outdoorsrockingchair.com/products/luxcraft-recycled-plastic-urban-arm-chair-dining-height,https://cdn.shopify.com/s/files/1/0814/7461/files/UARCDAMB_Urban_Arm_Chair_Dining_Height_Antique_Mahogany_Black.jpg?v=1748338628
outdoors-rocking-chair-luxcraft-recycled-plastic-urban-chat-deck-chair,LuxCraft Recycled Plastic Urban Chat Deck Chair,OutdoorsRockingChair.com,HDPE / PE 板件可转化,HDPE / PE; poly lumber; recycled plastic; 板件 / 板条; 扶手椅,retailer: recycled plastic / poly lumber brands,HDPE / PE / poly lumber / recycled plastic；单把完整扶手椅产品图；板条或板件结构，适合发泡 PE / HDPE 板件、CNC 切割、螺丝装配参考。,,,thumbs/outdoors-rocking-chair-luxcraft-recycled-plastic-urban-chat-deck-chair.jpg,https://www.outdoorsrockingchair.com/products/luxcraft-recycled-plastic-urban-chat-deck-chair,https://cdn.shopify.com/s/files/1/0814/7461/files/LuxCraft_Recycled_Plastic_Urban_Chat_Deck_Chair_Patriot_Blue_White.png?v=1768404980
outdoors-rocking-chair-perfect-choice-furniture-recycled-plastic-stanton-dining-height-arm-chair,Perfect Choice Furniture Recycled Plastic Stanton Dining Height Arm Chair,OutdoorsRockingChair.com,HDPE / PE 板件可转化,HDPE / PE; poly lumber; recycled plastic; 板件 / 板条; 扶手椅,retailer: recycled plastic / poly lumber brands,HDPE / PE / poly lumber / recycled plastic；单把完整扶手椅产品图；板条或板件结构，适合发泡 PE / HDPE 板件、CNC 切割、螺丝装配参考。,,,thumbs/outdoors-rocking-chair-perfect-choice-furniture-recycled-plastic-stanton-dining-height-arm-chair.jpg,https://www.outdoorsrockingchair.com/products/perfect-choice-furniture-recycled-plastic-stanton-dining-height-arm-chair-lead-time-to-ship-7-to-10-business-days,https://cdn.shopify.com/s/files/1/0814/7461/products/PerfectChoiceFurnitureRecycledPlasticStantonDiningHeightArmChair.png?v=1612387263
outdoors-rocking-chair-leisure-lawns-amish-made-recycled-plastic-english-garden-arm-chair-model-221d,Leisure Lawns Amish Made Recycled Plastic English Garden Arm Chair Model #221D (Dining Height)- LEAD TIME TO SHIP 8 WEEKS OR LESS,OutdoorsRockingChair.com,HDPE / PE 板件可转化,HDPE / PE; poly lumber; recycled plastic; 板件 / 板条; 扶手椅,retailer: recycled plastic / poly lumber brands,HDPE / PE / poly lumber / recycled plastic；单把完整扶手椅产品图；板条或板件结构，适合发泡 PE / HDPE 板件、CNC 切割、螺丝装配参考。,,,thumbs/outdoors-rocking-chair-leisure-lawns-amish-made-recycled-plastic-english-garden-arm-chair-model-221d.jpg,https://www.outdoorsrockingchair.com/products/leisure-lawns-amish-made-recycled-plastic-english-garden-arm-chair-model-221d-dining-height,https://cdn.shopify.com/s/files/1/0814/7461/products/LeisureLawnsAmishMadeRecycledPlasticEnglishGardenChairModel_221D.jpg?v=1670454347
outdoors-rocking-chair-luxcraft-recycled-plastic-classic-arm-chair-dining-height,LuxCraft Recycled Plastic Classic Arm Chair (DINING HEIGHT),OutdoorsRockingChair.com,HDPE / PE 板件可转化,HDPE / PE; poly lumber; recycled plastic; 板件 / 板条; 扶手椅,retailer: recycled plastic / poly lumber brands,HDPE / PE / poly lumber / recycled plastic；单把完整扶手椅产品图；板条或板件结构，适合发泡 PE / HDPE 板件、CNC 切割、螺丝装配参考。,,,thumbs/outdoors-rocking-chair-luxcraft-recycled-plastic-classic-arm-chair-dining-height.jpg,https://www.outdoorsrockingchair.com/products/luxcraft-recycled-plastic-captain-chair-dining-height,https://cdn.shopify.com/s/files/1/0814/7461/files/CACDPBS_Classic_Arm_Chair_Dining_Height_Patriot_Blue_Slate.jpg?v=1768839346
outdoors-rocking-chair-tailwind-furniture-recycled-plastic-dining-chair-with-arms-dc-365xar,Tailwind Furniture Recycled Plastic Dining Chair with Arms - DC 365XAR,OutdoorsRockingChair.com,HDPE / PE 板件可转化,HDPE / PE; poly lumber; recycled plastic; 板件 / 板条; 扶手椅,retailer: recycled plastic / poly lumber brands,HDPE / PE / poly lumber / recycled plastic；单把完整扶手椅产品图；板条或板件结构，适合发泡 PE / HDPE 板件、CNC 切割、螺丝装配参考。,,,thumbs/outdoors-rocking-chair-tailwind-furniture-recycled-plastic-dining-chair-with-arms-dc-365xar.jpg,https://www.outdoorsrockingchair.com/products/tailwind-furniture-recycled-plastic-dining-chair-dc-365xar,https://cdn.shopify.com/s/files/1/0814/7461/products/patio-dining-chair-tailwind-furniture-recycled-plastic-dining-chair-dc-365xar-1.JPG?v=1627571125
charming-bench-glennville-dining-arm-chair,Glennville Dining Arm Chair,CharmingBench.com,HDPE / PE 板件可转化,HDPE / PE; poly lumber; recycled plastic; 板件 / 板条; 扶手椅,retailer: Highwood poly / recycled plastic furniture,poly / recycled plastic / synthetic wood；单把完整扶手椅产品图；板条或板件结构，适合发泡 PE / HDPE 板件、CNC 切割、螺丝装配参考。,,,thumbs/charming-bench-glennville-dining-arm-chair.jpg,https://thecharmingbenchcompany.com/products/glennville-dining-arm-chair,https://cdn.shopify.com/s/files/1/0515/8169/products/glennville-dining-arm-chair-arm-chair-weathered-acorn-39040566034658.jpg?v=1677827751
charming-bench-springville-dining-arm-chair,Springville Dining Arm Chair,CharmingBench.com,HDPE / PE 板件可转化,HDPE / PE; poly lumber; recycled plastic; 板件 / 板条; 扶手椅,retailer: Highwood poly / recycled plastic furniture,poly / recycled plastic / synthetic wood；单把完整扶手椅产品图；板条或板件结构，适合发泡 PE / HDPE 板件、CNC 切割、螺丝装配参考。,,,thumbs/charming-bench-springville-dining-arm-chair.jpg,https://thecharmingbenchcompany.com/products/springville-dining-arm-chair-1,https://cdn.shopify.com/s/files/1/0515/8169/products/springville-dining-arm-chair-arm-chair-weathered-acorn-39042364866786.jpg?v=1677855470
charming-bench-classic-dining-arm-chair,Classic Dining Arm Chair,CharmingBench.com,HDPE / PE 板件可转化,HDPE / PE; poly lumber; recycled plastic; 板件 / 板条; 扶手椅,retailer: Wildridge Poly Furniture poly / recycled plastic furniture,poly / recycled plastic / synthetic wood；单把完整扶手椅产品图；板条或板件结构，适合发泡 PE / HDPE 板件、CNC 切割、螺丝装配参考。,,,thumbs/charming-bench-classic-dining-arm-chair.jpg,https://thecharmingbenchcompany.com/products/little-cottage-co-classic-side-chair-with-arms,https://cdn.shopify.com/s/files/1/0515/8169/files/LCC_254_AB.jpg?v=1767719653
charming-bench-heritage-dining-arm-chair,Heritage Dining Arm Chair,CharmingBench.com,HDPE / PE 板件可转化,HDPE / PE; poly lumber; recycled plastic; 板件 / 板条; 扶手椅,retailer: Wildridge Poly Furniture poly / recycled plastic furniture,poly / recycled plastic / synthetic wood；单把完整扶手椅产品图；板条或板件结构，适合发泡 PE / HDPE 板件、CNC 切割、螺丝装配参考。,,,thumbs/charming-bench-heritage-dining-arm-chair.jpg,https://thecharmingbenchcompany.com/products/little-cottage-co-heritage-dining-chair-with-arms,https://cdn.shopify.com/s/files/1/0515/8169/files/LCC_154_TLG_BK.jpg?v=1765164101
charming-bench-heritage-garden-chair,Heritage Garden Chair,CharmingBench.com,HDPE / PE 板件可转化,HDPE / PE; poly lumber; recycled plastic; 板件 / 板条; 扶手椅,retailer: Wildridge Poly Furniture poly / recycled plastic furniture,poly / recycled plastic / synthetic wood；单把完整扶手椅产品图；板条或板件结构，适合发泡 PE / HDPE 板件、CNC 切割、螺丝装配参考。,,,thumbs/charming-bench-heritage-garden-chair.jpg,https://thecharmingbenchcompany.com/products/little-cottage-co-heritage-garden-chair,https://cdn.shopify.com/s/files/1/0515/8169/files/LCC_123_AB.jpg?v=1765165410
eu-minimal-audo-audo-co-dining-plastic-outdoor-armchair,Audo - Co Dining Plastic Outdoor Armchair,Audo,极简几何欧洲款式,欧洲款式; 极简几何; 扶手椅; PP / resin; recycled; 欧洲零售/平台; 欧洲设计品牌,Connox Europe: Audo outdoor chair product page,"Audo - Co Dining Plastic Outdoor Armchair | Connox var c_stockQuantity = 2; var c_stockOrdered = 0; var c_stockDeliveryTime = ""4 to 8 weeks""; var c_outOfListing = true;...",1,audo::co,thumbs/eu-minimal-audo-audo-co-dining-plastic-outdoor-armchair.jpg,https://www.connox.com/categories/outdoor/garden-chairs/audo-co-dining-plastic-outdoor-armchair.html,https://cdn.connox.com/m/100106/722479/media/Audo-Copenhagen/2024_SS/Audo-Co-Dining-Plastic-Outdoor-Armlehnstuhl-oliv-Front-frei.webp
eu-minimal-houe-houe-reclip-soutdoor-dining-armchair,HOUE - ReCLIP SOutdoor Dining armchair,HOUE,极简几何欧洲款式,欧洲款式; 极简几何; 扶手椅; PP / resin; recycled; slatted; 欧洲零售/平台; 欧洲设计品牌,Connox Europe: HOUE outdoor chair product page,"HOUE - ReCLIP SOutdoor Dining armchair | Connox var c_stockQuantity = 3; var c_stockOrdered = 0; var c_stockDeliveryTime = ""2 to 4 weeks""; var c_outOfListing = false; wi...",1,houe::reclip-soutdoor,thumbs/eu-minimal-houe-houe-reclip-soutdoor-dining-armchair.jpg,https://www.connox.com/categories/outdoor/garden-chairs/houe-reclip-soutdoor-dining-armchair.html,https://cdn.connox.com/m/100107/892534/media/HOUE/ReClips/HOUE-ReCLIPS-Outdoor-Dining-Armlehnstuhl-schwarz-Bambus.webp
eu-minimal-muuto-muuto-fiber-outdoor-armchair,Muuto - Fiber Outdoor Armchair,Muuto,极简几何欧洲款式,欧洲款式; 极简几何; 扶手椅; PP / resin; recycled; 欧洲零售/平台; 欧洲设计品牌,Connox Europe: Muuto outdoor chair product page,"Muuto - Fiber Outdoor Armchair | Connox var c_stockQuantity = 0; var c_stockOrdered = 0; var c_stockDeliveryTime = ""4 to 6 weeks""; var c_outOfListing = false; window.dat...",1,muuto::fiber,thumbs/eu-minimal-muuto-muuto-fiber-outdoor-armchair.jpg,https://www.connox.com/categories/outdoor/garden-chairs/muuto-fiber-outdoor-armchair.html,https://cdn.connox.com/m/100107/696824/media/muuto/Fiber-Outdoor/Muuto-Fiber-Outdoor-Armlehnstuhl-anthrazit-schwarz_2025.webp
eu-minimal-houe-houe-alua-outdoor-dining-armchair,HOUE - ALUA Outdoor Dining armchair,HOUE,极简几何欧洲款式,欧洲款式; 极简几何; 扶手椅; slatted; 欧洲零售/平台; 欧洲设计品牌,Connox Europe: HOUE outdoor chair product page,"HOUE - ALUA Outdoor Dining armchair | Connox var c_stockQuantity = 0; var c_stockOrdered = 0; var c_stockDeliveryTime = ""2 to 4 weeks""; var c_outOfListing = false; windo...",1,houe::alua,thumbs/eu-minimal-houe-houe-alua-outdoor-dining-armchair.jpg,https://www.connox.com/categories/outdoor/garden-chairs/houe-alua-outdoor-dining-armchair.html,https://cdn.connox.com/m/100107/817879/media/HOUE/Alua/HOUE-Alua-Outdoor-Dining-Armlehnstuhl-beige.webp
eu-minimal-houe-houe-click-outdoor-dining-armchair-with-high-backrest,HOUE - CLICK Outdoor Dining armchair with high backrest,HOUE,极简几何欧洲款式,欧洲款式; 极简几何; 扶手椅; slatted; 欧洲零售/平台; 欧洲设计品牌,Connox Europe: HOUE outdoor chair product page,"HOUE - CLICK Outdoor Dining armchair with high backrest | Connox var c_stockQuantity = 3; var c_stockOrdered = 0; var c_stockDeliveryTime = ""2 to 4 weeks""; var c_outOfLi...",1,houe::click-high-backrest,thumbs/eu-minimal-houe-houe-click-outdoor-dining-armchair-with-high-backrest.jpg,https://www.connox.com/categories/outdoor/garden-chairs/houe-click-outdoor-dining-armchair-with-high-backrest.html,https://cdn.connox.com/m/100107/817936/media/HOUE/Click/HOUE-CLICK-Outdoor-Dining-Armlehnstuhl-mit-hoher-Lehne-beige.webp
eu-minimal-houe-houe-click-outdoor-dining-armchair-with-low-backrest,HOUE - CLICK Outdoor Dining armchair with low backrest,HOUE,极简几何欧洲款式,欧洲款式; 极简几何; 扶手椅; slatted; 欧洲零售/平台; 欧洲设计品牌,Connox Europe: HOUE outdoor chair product page,"HOUE - CLICK Outdoor Dining armchair with low backrest | Connox var c_stockQuantity = 3; var c_stockOrdered = 0; var c_stockDeliveryTime = ""2 to 4 weeks""; var c_outOfLis...",1,houe::click-low-backrest,thumbs/eu-minimal-houe-houe-click-outdoor-dining-armchair-with-low-backrest.jpg,https://www.connox.com/categories/outdoor/garden-chairs/houe-click-outdoor-dining-armchair-with-low-backrest.html,https://cdn.connox.com/m/100107/817939/media/HOUE/Click/HOUE-CLICK-Outdoor-Dining-Armlehnstuhl-mit-niedriger-Lehne-beige.webp
eu-minimal-houe-houe-click-position-outdoor-armchair,HOUE - CLICK Position outdoor armchair,HOUE,极简几何欧洲款式,欧洲款式; 极简几何; 扶手椅; slatted; 欧洲零售/平台; 欧洲设计品牌,Connox Europe: HOUE outdoor chair product page,"HOUE - CLICK Position outdoor armchair | Connox var c_stockQuantity = 3; var c_stockOrdered = 0; var c_stockDeliveryTime = ""2 to 4 weeks""; var c_outOfListing = false; wi...",1,houe::click-position,thumbs/eu-minimal-houe-houe-click-position-outdoor-armchair.jpg,https://www.connox.com/categories/outdoor/garden-chairs/houe-click-position-outdoor-armchair.html,https://cdn.connox.com/m/100107/817950/media/HOUE/Click/HOUE-CLICK-Position-Outdoor-Armlehnstuhl-beige.webp
eu-minimal-tradition-tradition-ville-outdoor-av34-armchair,& Tradition - Ville Outdoor AV34 Armchair,&Tradition,极简几何欧洲款式,欧洲款式; 极简几何; 扶手椅; 欧洲零售/平台; 欧洲设计品牌,Connox Europe: &Tradition outdoor chair product page,"& Tradition - Ville Outdoor AV34 Armchair | Connox var c_stockQuantity = 0; var c_stockOrdered = 0; var c_stockDeliveryTime = ""6 to 8 weeks""; var c_outOfListing = false;...",1,tradition::tradition-ville-av34,thumbs/eu-minimal-tradition-tradition-ville-outdoor-av34-armchair.jpg,https://www.connox.com/categories/outdoor/garden-chairs/tradition-ville-outdoor-av34-armchair.html,https://cdn.connox.com/m/100107/706967/media/andtradition/SS24/andTradition-Ville-Outdoor-AV34-Stuhl-green.webp
eu-minimal-kartell-kartell-audrey-garden-armchair,Kartell - Audrey garden armchair,Kartell,极简几何欧洲款式,欧洲款式; 极简几何; 扶手椅; 欧洲零售/平台; 欧洲设计品牌,Connox Europe: Kartell outdoor chair product page,"Kartell - Audrey garden armchair | Connox var c_stockQuantity = 0; var c_stockOrdered = 0; var c_stockDeliveryTime = ""4 to 6 weeks""; var c_outOfListing = false; window.d...",1,kartell::audrey,thumbs/eu-minimal-kartell-kartell-audrey-garden-armchair.jpg,https://www.connox.com/categories/outdoor/garden-chairs/kartell-audrey-garden-armchair.html,https://cdn.connox.com/m/100106/828147/media/Kartell/Audrey/Kartell-Audrey-Gartenarmlehnstuhl-beige-frontal.webp
eu-minimal-kartell-kartell-cara-outdoor-armchair,Kartell - Cara Outdoor Armchair,Kartell,极简几何欧洲款式,欧洲款式; 极简几何; 扶手椅; 欧洲零售/平台; 欧洲设计品牌,Connox Europe: Kartell outdoor chair product page,"Kartell - Cara Outdoor Armchair | Connox var c_stockQuantity = 0; var c_stockOrdered = 0; var c_stockDeliveryTime = ""4 to 6 weeks""; var c_outOfListing = false; window.da...",1,kartell::cara,thumbs/eu-minimal-kartell-kartell-cara-outdoor-armchair.jpg,https://www.connox.com/categories/outdoor/garden-chairs/kartell-cara-outdoor-armchair.html,https://cdn.connox.com/m/100107/631488/media/Kartell/2023/Kartell-Cara-Outdoor-Sessel-Gestell-weiss-matt-Bezug-grau.webp
eu-minimal-hay-hay-deville-armlehnstuhl-outdoor-anthrazit,"HAY - Deville Armlehnstuhl, Outdoor, anthrazit",HAY,极简几何欧洲款式,欧洲款式; 极简几何; 扶手椅; 欧洲零售/平台; 欧洲设计品牌,Connox Europe: HAY outdoor chair product page,"HAY - Deville Armlehnstuhl, Outdoor, anthrazit | Connox var c_stockQuantity = 3; var c_stockOrdered = 0; var c_stockDeliveryTime = ""4 to 6 weeks""; var c_outOfListing = f...",1,hay::deville-anthrazit,thumbs/eu-minimal-hay-hay-deville-armlehnstuhl-outdoor-anthrazit.jpg,https://www.connox.com/categories/outdoor/garden-chairs/hay-deville-armlehnstuhl-outdoor-anthrazit.html,https://cdn.connox.com/m/100107/880325/media/hay/Deville/HAY-Deville-Armlehnstuhl-Outdoor-anthrazit.webp
eu-minimal-nardi-nardi-trill-outdoor-armchair,Nardi - Trill Outdoor armchair,Nardi,极简几何欧洲款式,欧洲款式; 极简几何; 扶手椅; 欧洲零售/平台; 欧洲设计品牌,Connox Europe: Nardi outdoor chair product page,"Nardi - Trill Outdoor armchair | Connox var c_stockQuantity = 3; var c_stockOrdered = 0; var c_stockDeliveryTime = ""6 to 8 weeks""; var c_outOfListing = false; window.dat...",1,nardi::trill,thumbs/eu-minimal-nardi-nardi-trill-outdoor-armchair.jpg,https://www.connox.com/categories/outdoor/garden-chairs/nardi-trill-outdoor-armchair.html,https://cdn.connox.com/m/100107/814307/media/Nardi/2025-SS/Nardi-Trill-Outdoor-Armlehnstuhl-agave.webp
eu-minimal-emu-emu-apero-outdoor-armchair,Emu - Apero Outdoor Armchair,EMU,极简几何欧洲款式,欧洲款式; 极简几何; 扶手椅; 欧洲零售/平台; 欧洲设计品牌,Connox Europe: EMU outdoor chair product page,"Emu - Apero Outdoor Armchair | Connox var c_stockQuantity = 1; var c_stockOrdered = 0; var c_stockDeliveryTime = ""4 to 6 weeks""; var c_outOfListing = true; window.dataLa...",1,emu::apero,thumbs/eu-minimal-emu-emu-apero-outdoor-armchair.jpg,https://www.connox.com/categories/outdoor/garden-chairs/emu-apero-outdoor-armchair.html,https://cdn.connox.com/m/100107/542763/media/emu/2022/Emu-Apero-Outdoor-Armlehnstuhl-antikeisen.webp
eu-minimal-emu-emu-riviera-armchair,Emu - Riviera armchair,EMU,极简几何欧洲款式,欧洲款式; 极简几何; 扶手椅; 欧洲零售/平台; 欧洲设计品牌,Connox Europe: EMU outdoor chair product page,"Emu - Riviera armchair | Connox var c_stockQuantity = 8; var c_stockOrdered = 0; var c_stockDeliveryTime = ""4 to 6 weeks""; var c_outOfListing = true; window.dataLayer =...",1,emu::riviera,thumbs/eu-minimal-emu-emu-riviera-armchair.jpg,https://www.connox.com/categories/outdoor/garden-chairs/emu-riviera-armchair.html,https://cdn.connox.com/m/100106/249291/media/emu/Riviera/Emu-Riviera-Armlehenstuhl-weiss-frei.webp
eu-minimal-emu-emu-shine-outdoor-armchair,Emu - Shine Outdoor Armchair,EMU,极简几何欧洲款式,欧洲款式; 极简几何; 扶手椅; 欧洲零售/平台; 欧洲设计品牌,Connox Europe: EMU outdoor chair product page,"Emu - Shine Outdoor Armchair | Connox var c_stockQuantity = 5; var c_stockOrdered = 0; var c_stockDeliveryTime = ""4 to 6 weeks""; var c_outOfListing = true; window.dataLa...",1,emu::shine,thumbs/eu-minimal-emu-emu-shine-outdoor-armchair.jpg,https://www.connox.com/categories/outdoor/garden-chairs/emu-shine-outdoor-armchair.html,https://cdn.connox.com/m/100107/542778/media/emu/2022/Emu-Shine-Outdoor-Armlehnstuhl-Teak-schwarz.webp
eu-minimal-hay-hay-palissade-cantilever,Hay - PALISSADE CANTILEVER,HAY,极简几何欧洲款式,欧洲款式; 极简几何; 扶手椅; metal frame; 欧洲零售/平台; 欧洲设计品牌,Archiproducts Europe: Hay product page,Cantilever steel garden chair with armrests,1,hay::palissade-cantilever,thumbs/eu-minimal-hay-hay-palissade-cantilever.jpg,https://www.archiproducts.com/en/products/hay/cantilever-steel-garden-chair-with-armrests-palissade-cantilever_768113,https://img.edilportale.com/product-thumbs/2b_Hay_PALISSADE-CANTILEVER_pA6AuhibXd.jpeg
eu-minimal-hay-hay-palissade,Hay - PALISSADE,HAY,极简几何欧洲款式,欧洲款式; 极简几何; 扶手椅; metal frame; 欧洲零售/平台; 欧洲设计品牌,Archiproducts Europe: Hay product page,Steel garden chair with armrests,1,hay::palissade,thumbs/eu-minimal-hay-hay-palissade.jpg,https://www.archiproducts.com/en/products/hay/steel-garden-chair-with-armrests-palissade_544601,https://img.edilportale.com/product-thumbs/2b_PALISSADE-Chair-with-armrests-Hay-544601-rel841fed81.jpg
eu-minimal-carl-hansen-son-carl-hansen-embrace-garden-armchair,Carl Hansen - Embrace Garden armchair,Carl Hansen & Son,极简几何欧洲款式,欧洲款式; 极简几何; 扶手椅; 欧洲零售/平台; 欧洲设计品牌,Connox Europe: Carl Hansen & Son outdoor chair product page,"Carl Hansen - Embrace Garden armchair | Connox var c_stockQuantity = 1; var c_stockOrdered = 0; var c_stockDeliveryTime = ""6 to 8 weeks""; var c_outOfListing = true; wind...",1,carlhansen::carl-hansen-embrace,thumbs/eu-minimal-carl-hansen-son-carl-hansen-embrace-garden-armchair.jpg,https://www.connox.com/categories/outdoor/garden-chairs/carl-hansen-embrace-garden-armchair.html,https://cdn.connox.com/m/100106/714623/media/Carl-Hansen/2024/Carl-Hansen-Embrace-Gartenarmlehnstuhl-Teak-unbehandelt-frontal.webp
eu-minimal-pedrali-pedrali-phil-a-mesh-3925,Pedrali - PHILÍA MESH 3925,Pedrali,极简几何欧洲款式,欧洲款式; 极简几何; 扶手椅; metal frame; 欧洲零售/平台; 欧洲设计品牌,Archiproducts Europe: Pedrali product page,Stackable steel garden chair with armrests,1,pedrali::phil-mesh-3925,thumbs/eu-minimal-pedrali-pedrali-phil-a-mesh-3925.jpg,https://www.archiproducts.com/en/products/pedrali/stackable-steel-garden-chair-with-armrests-philia-mesh-3925_785770,https://img.edilportale.com/product-thumbs/2b_Pedrali_PHILIA-MESH-3925_05rMrzxp48.jpeg
eu-minimal-nardi-nardi-doga-armchair,Nardi - DOGA ARMCHAIR,Nardi,极简几何欧洲款式,欧洲款式; 极简几何; 扶手椅; PP / resin; 欧洲零售/平台; 欧洲设计品牌,Archiproducts Europe: Nardi product page,Polypropylene garden chair with armrests,1,nardi::doga,thumbs/eu-minimal-nardi-nardi-doga-armchair.jpg,https://www.archiproducts.com/en/products/nardi/polypropylene-garden-chair-with-armrests-doga-armchair_533924,https://img.edilportale.com/product-thumbs/2b_DOGA-ARMCHAIR-Nardi-533924-rel4e3507a8.jpg
eu-minimal-nardi-nardi-tiberina-armchair,Nardi - TIBERINA ARMCHAIR,Nardi,极简几何欧洲款式,欧洲款式; 极简几何; 扶手椅; PP / resin; 欧洲零售/平台; 欧洲设计品牌,Archiproducts Europe: Nardi product page,Polypropylene garden chair with armrests,1,nardi::tiberina,thumbs/eu-minimal-nardi-nardi-tiberina-armchair.jpg,https://www.archiproducts.com/en/products/nardi/polypropylene-garden-chair-with-armrests-tiberina-armchair_689714,https://img.edilportale.com/product-thumbs/2b_Nardi_TIBERINA_B9wC1TwgtS.jpeg
eu-minimal-tradition-tradition-thorvald-sc95,&Tradition - THORVALD SC95,&Tradition,极简几何欧洲款式,欧洲款式; 极简几何; 扶手椅; metal frame; 欧洲零售/平台; 欧洲设计品牌,Archiproducts Europe: &Tradition product page,Stackable powder coated steel garden chair with armrests,1,tradition::thorvald-sc95,thumbs/eu-minimal-tradition-tradition-thorvald-sc95.jpg,https://www.archiproducts.com/en/products/tradition/stackable-powder-coated-steel-garden-chair-with-armrests-thorvald-sc95_772095,https://img.edilportale.com/product-thumbs/2b_Tradition_THORVALD-SC95_lirQXYZikh.jpeg
eu-minimal-winawood-sandwick-armchair,Sandwick Armchair,Winawood,极简几何欧洲款式,欧洲款式; 极简几何; 扶手椅; PP / resin; recycled; slatted; 欧洲设计品牌,recycled polymer garden furniture,"Elegant, comfortable, and completely weatherproof — the Winawood Sandwick Armchair brings timeless design and everyday practicality together in one beautifully crafted piece. With...",12,winawood::sandwick,thumbs/eu-minimal-winawood-sandwick-armchair.jpg,https://winawood.co.uk/products/sandwick-armchair,https://cdn.shopify.com/s/files/1/0968/8721/0331/files/XIAO900317.png?v=1772713475
eu-minimal-winawood-speyside-armchair,Speyside Armchair,Winawood,极简几何欧洲款式,欧洲款式; 极简几何; 扶手椅; PP / resin; recycled; slatted; 欧洲设计品牌,recycled polymer garden furniture,"Elegant, comfortable, and completely weatherproof — the Winawood Speyside Armchair brings timeless design and everyday practicality together in one beautifully crafted piece. With...",12,winawood::speyside,thumbs/eu-minimal-winawood-speyside-armchair.jpg,https://winawood.co.uk/products/speyside-armchair,https://cdn.shopify.com/s/files/1/0968/8721/0331/files/XIAO900362.jpg?v=1772712348
eu-minimal-pedrali-pedrali-libre-595,Pedrali - LIBRE 595,Pedrali,极简几何欧洲款式,欧洲款式; 极简几何; 扶手椅; PP / resin; 欧洲零售/平台; 欧洲设计品牌,Archiproducts Europe: Pedrali product page,Stackable polypropylene garden chair with armrests,1,pedrali::libre-595,thumbs/eu-minimal-pedrali-pedrali-libre-595.jpg,https://www.archiproducts.com/en/products/pedrali/stackable-polypropylene-garden-chair-with-armrests-libre-595_785784,https://img.edilportale.com/product-thumbs/2b_Pedrali_LIBRE-595_PkOlX5ZSWC.jpeg
eu-minimal-hay-hay-traverse,Hay - TRAVERSE,HAY,极简几何欧洲款式,欧洲款式; 极简几何; 扶手椅; 欧洲零售/平台; 欧洲设计品牌,Archiproducts Europe: Hay product page,Ash garden chair with armrests,1,hay::traverse,thumbs/eu-minimal-hay-hay-traverse.jpg,https://www.archiproducts.com/en/products/hay/ash-garden-chair-with-armrests-traverse_731273,https://img.edilportale.com/product-thumbs/2b_Hay_TRAVERSE_U4eFUUMWPp.jpeg
eu-minimal-hay-hay-crate,Hay - CRATE,HAY,极简几何欧洲款式,欧洲款式; 极简几何; 扶手椅; 欧洲零售/平台; 欧洲设计品牌,Archiproducts Europe: Hay product page,Pine garden chair with armrests,1,hay::crate,thumbs/eu-minimal-hay-hay-crate.jpg,https://www.archiproducts.com/en/products/hay/pine-garden-chair-with-armrests-crate_627261,https://img.edilportale.com/product-thumbs/2b_CRATE-Chair-Hay-627261-rel2c8691b.jpg
eu-minimal-emu-emu-twins,Emu - TWINS,EMU,极简几何欧洲款式,欧洲款式; 极简几何; 扶手椅; slatted; 欧洲零售/平台; 欧洲设计品牌,Archiproducts Europe: Emu product page,Teak garden chair with armrests,1,emu::twins,thumbs/eu-minimal-emu-emu-twins.jpg,https://www.archiproducts.com/en/products/emu/teak-garden-chair-with-armrests-twins_596349,https://img.edilportale.com/product-thumbs/2b_emu_Twins_SXQtFHEuJ6.jpeg
eu-minimal-nardi-nardi-costa,Nardi - COSTA,Nardi,极简几何欧洲款式,欧洲款式; 极简几何; 扶手椅; PP / resin; 欧洲零售/平台; 欧洲设计品牌,Archiproducts Europe: Nardi product page,Polypropylene garden chair with armrests,1,nardi::costa,thumbs/eu-minimal-nardi-nardi-costa.jpg,https://www.archiproducts.com/en/products/nardi/polypropylene-garden-chair-with-armrests-costa_110464,https://img.edilportale.com/product-thumbs/2b_COSTA-Nardi-110464-rel7fde99d5.jpg
eu-minimal-nardi-nardi-net-relax,Nardi - NET RELAX,Nardi,极简几何欧洲款式,欧洲款式; 极简几何; 扶手椅; PP / resin; 欧洲零售/平台; 欧洲设计品牌,Archiproducts Europe: Nardi product page,Polypropylene garden chair with armrests,1,nardi::net-relax,thumbs/eu-minimal-nardi-nardi-net-relax.jpg,https://www.archiproducts.com/en/products/nardi/polypropylene-garden-chair-with-armrests-net-relax_240076,https://img.edilportale.com/product-thumbs/2b_NET-RELAX-Nardi-240076-relcd27f81c.jpg
eu-minimal-nardi-nardi-folio,Nardi - FOLIO,Nardi,极简几何欧洲款式,欧洲款式; 极简几何; 扶手椅; PP / resin; 欧洲零售/平台; 欧洲设计品牌,Archiproducts Europe: Nardi product page,Polypropylene garden chair with armrests,1,nardi::folio,thumbs/eu-minimal-nardi-nardi-folio.jpg,https://www.archiproducts.com/en/products/nardi/polypropylene-garden-chair-with-armrests-folio_446773,https://img.edilportale.com/product-thumbs/2b_garden-armchair-nardi-446773-rel84c21684.jpg
eu-minimal-fermob-fermob-lodge-by-expertise-vlaemynck,Fermob - LODGE BY EXPERTISE VLAEMYNCK,Fermob,极简几何欧洲款式,欧洲款式; 极简几何; 扶手椅; slatted; 欧洲零售/平台; 欧洲设计品牌,Archiproducts Europe: Fermob product page,Teak garden chair with armrests,1,fermob::lodge-by-expertise,thumbs/eu-minimal-fermob-fermob-lodge-by-expertise-vlaemynck.jpg,https://www.archiproducts.com/en/products/fermob/teak-garden-chair-with-armrests-lodge-by-expertise-vlaemynck_762649,https://img.edilportale.com/product-thumbs/2b_Fermob_LODGE_bxeEA1c3v.jpeg
eu-minimal-vondom-vondom-africa,Vondom - AFRICA,Vondom,极简几何欧洲款式,欧洲款式; 极简几何; 扶手椅; 欧洲零售/平台; 欧洲设计品牌,Archiproducts Europe: Vondom product page,Garden chair with armrests,1,vondom::africa,thumbs/eu-minimal-vondom-vondom-africa.jpg,https://www.archiproducts.com/en/products/vondom/garden-chair-with-armrests-africa_740968,https://img.edilportale.com/product-thumbs/2b_Vondom_AFRICA_L41jTnYda.jpeg
eu-minimal-emu-emu-round,Emu - ROUND,EMU,极简几何欧洲款式,欧洲款式; 极简几何; 扶手椅; 欧洲零售/平台; 欧洲设计品牌,Archiproducts Europe: Emu product page,Stackable garden chair with armrests,1,emu::round,thumbs/eu-minimal-emu-emu-round.jpg,https://www.archiproducts.com/en/products/emu/stackable-garden-chair-with-armrests-round_253066,https://img.edilportale.com/product-thumbs/2b_emu_Round_jE5m4tImh.jpeg
eu-minimal-fermob-fermob-pilotis,Fermob - PILOTIS,Fermob,极简几何欧洲款式,欧洲款式; 极简几何; 扶手椅; metal frame; 欧洲零售/平台; 欧洲设计品牌,Archiproducts Europe: Fermob product page,Aluminium garden chair with armrests,1,fermob::pilotis,thumbs/eu-minimal-fermob-fermob-pilotis.jpg,https://www.archiproducts.com/en/products/fermob/aluminium-garden-chair-with-armrests-pilotis_762641,https://img.edilportale.com/product-thumbs/2b_Fermob_PILOTIS_pOxLAHeUaA.jpeg
eu-minimal-fermob-fermob-luxembourg,Fermob - LUXEMBOURG,Fermob,极简几何欧洲款式,欧洲款式; 极简几何; 扶手椅; metal frame; 欧洲零售/平台; 欧洲设计品牌,Archiproducts Europe: Fermob product page,Stackable aluminium garden chair with armrests,1,fermob::luxembourg,thumbs/eu-minimal-fermob-fermob-luxembourg.jpg,https://www.archiproducts.com/en/products/fermob/stackable-aluminium-garden-chair-with-armrests-luxembourg_81056,https://img.edilportale.com/product-thumbs/2b_LUXEMBOURG-Chair-with-armrests-Fermob-81056-rela5d13348.jpg
eu-minimal-emu-emu-ronda-x,Emu - RONDA X,EMU,极简几何欧洲款式,欧洲款式; 极简几何; 扶手椅; metal frame; 欧洲零售/平台; 欧洲设计品牌,Archiproducts Europe: Emu product page,Steel garden chair with armrests,1,emu::ronda,thumbs/eu-minimal-emu-emu-ronda-x.jpg,https://www.archiproducts.com/en/products/emu/steel-garden-chair-with-armrests-ronda-x_470034,https://img.edilportale.com/product-thumbs/2b_emu_Ronda-X_cGgfTqc5Fu.jpeg
eu-minimal-fermob-fermob-monceau,Fermob - MONCEAU,Fermob,极简几何欧洲款式,欧洲款式; 极简几何; 扶手椅; metal frame; 欧洲零售/平台; 欧洲设计品牌,Archiproducts Europe: Fermob product page,Stackable steel garden chair with armrests,1,fermob::monceau,thumbs/eu-minimal-fermob-fermob-monceau.jpg,https://www.archiproducts.com/en/products/fermob/stackable-steel-garden-chair-with-armrests-monceau_44306,https://img.edilportale.com/product-thumbs/2b_MONCEAU-Chair-with-armrests-Fermob-44306-rel86921246.jpg
eu-minimal-fermob-fermob-op-ra,Fermob - OPÉRA+,Fermob,极简几何欧洲款式,欧洲款式; 极简几何; 扶手椅; metal frame; 欧洲零售/平台; 欧洲设计品牌,Archiproducts Europe: Fermob product page,Stackable steel garden chair with armrests,1,fermob::op-ra,thumbs/eu-minimal-fermob-fermob-op-ra.jpg,https://www.archiproducts.com/en/products/fermob/stackable-steel-garden-chair-with-armrests-opera_441864,https://img.edilportale.com/product-thumbs/2b_OP%C3%89RA-Chair-with-armrests-Fermob-441864-relff9db245.jpg
eu-minimal-fermob-fermob-airloop,Fermob - AIRLOOP,Fermob,极简几何欧洲款式,欧洲款式; 极简几何; 扶手椅; metal frame; 欧洲零售/平台; 欧洲设计品牌,Archiproducts Europe: Fermob product page,Steel garden chair with armrests,1,fermob::airloop,thumbs/eu-minimal-fermob-fermob-airloop.jpg,https://www.archiproducts.com/en/products/fermob/steel-garden-chair-with-armrests-airloop_519915,https://img.edilportale.com/product-thumbs/2b_AIRLOOP-Chair-with-armrests-Fermob-519915-rel6ca56b44.jpg
eu-minimal-tom-dixon-tom-dixon-groove-arm-chair,Tom Dixon - GROOVE ARM CHAIR,Tom Dixon,极简几何欧洲款式,欧洲款式; 极简几何; 扶手椅; metal frame; 欧洲零售/平台; 欧洲设计品牌,Archiproducts Europe: Tom Dixon product page,Aluminium garden chair,1,tomdixon::groove,thumbs/eu-minimal-tom-dixon-tom-dixon-groove-arm-chair.jpg,https://www.archiproducts.com/en/products/tom-dixon/aluminium-garden-chair-groove-arm-chair_728412,https://img.edilportale.com/product-thumbs/2b_Tom-Dixon_GROOVE-ARM-CHAIR_bArDkPchOV.jpeg
eu-minimal-trib-trib-branch,TRIBÙ - BRANCH,TRIBÙ,极简几何欧洲款式,欧洲款式; 极简几何; 扶手椅; PP / resin; 欧洲零售/平台; 欧洲设计品牌,Archiproducts Europe: TRIBÙ product page,Polypropylene garden armchair,1,trib::branch,thumbs/eu-minimal-trib-trib-branch.jpg,https://www.archiproducts.com/en/products/tribu/polypropylene-garden-armchair-branch_120149,https://img.edilportale.com/product-thumbs/2b_TRIBU_BRANCH_p2zF46bMzH.jpeg
eu-minimal-trib-trib-amanu,TRIBÙ - AMANU,TRIBÙ,极简几何欧洲款式,欧洲款式; 极简几何; 扶手椅; slatted; 欧洲零售/平台; 欧洲设计品牌,Archiproducts Europe: TRIBÙ product page,Teak garden chair with armrests,1,trib::amanu,thumbs/eu-minimal-trib-trib-amanu.jpg,https://www.archiproducts.com/en/products/tribu/teak-garden-chair-with-armrests-amanu_572968,https://img.edilportale.com/product-thumbs/2b_AMANU-Garden-chair-TRIB%C3%99-572968-rel9b73d39f.jpg
eu-minimal-trib-trib-kos,TRIBÙ - KOS,TRIBÙ,极简几何欧洲款式,欧洲款式; 极简几何; 扶手椅; slatted; 欧洲零售/平台; 欧洲设计品牌,Archiproducts Europe: TRIBÙ product page,Teak garden chair with armrests,1,trib::kos,thumbs/eu-minimal-trib-trib-kos.jpg,https://www.archiproducts.com/en/products/tribu/teak-garden-chair-with-armrests-kos_27034,https://img.edilportale.com/product-thumbs/2b_KOS-TEAK-Garden-chair-with-armrests-TRIB%C3%99-27034-relcf58cdce.jpg
eu-minimal-roda-roda-teka,RODA - TEKA,RODA,极简几何欧洲款式,欧洲款式; 极简几何; 扶手椅; slatted; 欧洲零售/平台; 欧洲设计品牌,Archiproducts Europe: RODA product page,Teak garden chair with armrests,1,roda::teka,thumbs/eu-minimal-roda-roda-teka.jpg,https://www.archiproducts.com/en/products/roda/teak-garden-chair-with-armrests-teka_191587,https://img.edilportale.com/product-thumbs/2b_prodotti-191587-rel60608cbf6024466b9defc2c1bf75888a.jpg
eu-minimal-roda-roda-network-159,RODA - NETWORK 159,RODA,极简几何欧洲款式,欧洲款式; 极简几何; 扶手椅; slatted; 欧洲零售/平台; 欧洲设计品牌,Archiproducts Europe: RODA product page,Teak garden chair with armrests,1,roda::network-159,thumbs/eu-minimal-roda-roda-network-159.jpg,https://www.archiproducts.com/en/products/roda/teak-garden-chair-with-armrests-network-159_362282,https://img.edilportale.com/product-thumbs/2b_NETWORK-159-RODA-362282-rel1f875294.jpg
eu-minimal-roda-roda-levante,RODA - LEVANTE,RODA,极简几何欧洲款式,欧洲款式; 极简几何; 扶手椅; slatted; 欧洲零售/平台; 欧洲设计品牌,Archiproducts Europe: RODA product page,Teak garden chair with armrests,1,roda::levante,thumbs/eu-minimal-roda-roda-levante.jpg,https://www.archiproducts.com/en/products/roda/teak-garden-chair-with-armrests-levante_507808,https://img.edilportale.com/product-thumbs/2b_LEVANTE-001-RODA-507808-rel7ea60330.jpg
eu-minimal-ethimo-ethimo-costes,Ethimo - COSTES,Ethimo,极简几何欧洲款式,欧洲款式; 极简几何; 扶手椅; slatted; 欧洲零售/平台; 欧洲设计品牌,Archiproducts Europe: Ethimo product page,Teak garden chair with armrests,1,ethimo::costes,thumbs/eu-minimal-ethimo-ethimo-costes.jpg,https://www.archiproducts.com/en/products/ethimo/teak-garden-chair-with-armrests-costes_118225,https://img.edilportale.com/product-thumbs/2b_prodotti-118225-rel59df754396734c31bc007d1f21bfc733.jpg
eu-minimal-ethimo-ethimo-ribot,Ethimo - RIBOT,Ethimo,极简几何欧洲款式,欧洲款式; 极简几何; 扶手椅; slatted; 欧洲零售/平台; 欧洲设计品牌,Archiproducts Europe: Ethimo product page,Teak garden chair with armrests,1,ethimo::ribot,thumbs/eu-minimal-ethimo-ethimo-ribot.jpg,https://www.archiproducts.com/en/products/ethimo/teak-garden-chair-with-armrests-ribot_299660,https://img.edilportale.com/product-thumbs/2b_ribot-chair-with-armrests-ethimo-299660-reld525b40d.jpg
eu-minimal-royal-botania-royal-botania-archy,Royal Botania - ARCHY,Royal Botania,极简几何欧洲款式,欧洲款式; 极简几何; 扶手椅; metal frame; 欧洲零售/平台; 欧洲设计品牌,Archiproducts Europe: Royal Botania product page,Aluminium garden chair with armrests,1,royalbotania::archy,thumbs/eu-minimal-royal-botania-royal-botania-archy.jpg,https://www.archiproducts.com/en/products/royal-botania/aluminium-garden-chair-with-armrests-archy_742031,https://img.edilportale.com/product-thumbs/2b_Royal-Botania_ARCHY_itSzBoultQ.jpeg
